building_id,location_rating_MIKRAT_W,location_rating_IMAGE_W,location_rating_FZ_W,location_rating_DL_W,location_rating_NASE_W_DOM,location_rating_FGFRQZ
826,3.8,4.1,4.0,3.0,9.0,1.0
16314,4.3,4.1,3.0,5.0,9.0,1.0
3261,3.6,3.0,4.0,2.0,5.0,1.0
747,3.6,3.0,4.1,4.0,2.0,1.0
1853,3.4,3.0,4.0,4.0,3.0,1.0
927,3.5,3.0,4.0,2.9,9.0,1.0
17964,3.3,4.0,3.0,5.0,,4.0
389,4.0,4.1,3.9,5.0,9.0,3.0
6436,4.2,4.1,3.0,5.0,9.0,3.0
6113,3.7,4.0,2.0,3.0,9.0,1.0
798,3.5,3.0,4.9,4.0,9.0,3.0
583,3.8,3.9,4.0,2.9,5.0,1.0
1777,2.9,1.1,3.9,4.0,2.0,1.0
2518,3.3,4.1,4.0,2.0,9.0,1.0
7445,2.4,1.0,3.0,1.1,3.0,1.0
704,3.6,4.0,4.0,2.0,9.0,1.0
1364,3.0,3.0,3.9,3.0,9.0,1.0
2513,3.4,4.1,4.0,2.0,9.0,1.0
247,3.5,4.0,4.0,3.9,9.0,3.0
1388,2.8,1.2,3.1,2.0,3.0,1.0
1427,3.8,4.0,4.9,4.1,9.0,2.0
14965,3.1,2.9,4.0,4.0,3.0,1.0
1557,2.4,1.2,4.0,1.0,4.0,1.0
2015,2.9,1.2,4.0,2.0,,1.0
1532,3.7,2.9,4.0,2.9,3.0,1.0
2181,4.4,4.0,4.0,5.0,9.0,1.0
7473,4.1,4.0,5.0,3.9,6.0,1.0
3053,3.3,4.0,3.0,5.0,9.0,5.0
2152,4.7,4.0,4.9,4.0,9.0,1.0
1386,3.6,3.0,5.0,5.0,4.0,1.0
385,4.0,4.1,3.0,5.0,9.0,2.0
6102,4.0,4.0,3.0,5.0,9.0,4.0
1822,3.4,3.0,2.0,3.0,4.0,1.0
384,4.6,4.1,3.0,4.0,9.0,2.0
2400,3.0,3.0,3.0,2.0,8.0,1.0
3022,2.6,1.2,4.1,4.9,4.0,1.0
15837,3.5,3.0,2.9,3.1,8.0,1.0
994,3.1,4.0,3.1,2.0,9.0,1.0
6765,2.9,1.2,4.1,4.0,6.0,1.0
957,2.7,4.0,3.0,1.0,7.0,1.0
1293,4.3,4.0,4.9,5.0,9.0,5.0
1949,3.3,1.1,4.0,2.9,3.0,1.0
5779,4.2,4.1,3.0,4.9,9.0,1.0
960,2.9,4.0,3.0,1.0,7.0,1.0
6519,3.4,3.0,3.0,3.1,8.0,1.0
2122,2.4,1.2,1.9,4.0,1.0,1.0
1548,3.0,1.2,4.0,2.1,5.0,1.0
5356,3.4,3.0,4.0,5.0,9.0,1.0
1663,3.0,3.0,2.0,3.0,3.0,1.0
2219,3.2,1.2,4.0,2.0,2.0,1.0
17175,3.3,2.9,4.0,4.0,2.0,1.0
800,3.1,3.0,4.9,3.0,9.0,2.0
3153,3.0,2.9,3.9,2.0,6.0,1.0
1406,3.2,4.0,3.9,2.0,9.0,1.0
1551,2.9,1.2,4.0,2.0,5.0,1.0
17152,2.9,1.2,4.0,4.0,1.0,1.0
2030,3.5,3.0,3.0,4.1,6.0,1.0
3369,4.3,4.0,3.0,5.0,9.0,5.0
1362,2.9,2.4,3.0,1.0,,1.0
7100,3.0,2.5,4.0,2.0,7.0,1.0
1073,2.8,1.2,4.0,2.0,2.0,1.0
711,4.0,4.0,4.0,3.0,5.0,1.0
14810,4.2,4.1,3.0,5.0,9.0,4.0
1908,3.2,3.0,3.9,1.0,9.0,1.0
1828,4.2,4.1,3.1,5.0,9.0,2.0
3380,3.5,2.9,3.0,4.0,3.0,1.0
3183,3.7,3.0,4.0,2.0,5.0,1.0
611,2.4,1.2,3.1,2.1,2.0,1.0
5233,4.1,4.1,3.0,5.0,9.0,3.0
409,3.3,3.0,2.9,2.1,1.0,1.0
18222,4.0,4.0,4.0,2.9,9.0,1.0
1125,4.4,5.0,4.0,1.0,9.0,1.0
16088,2.9,1.1,4.9,4.1,,2.0
1583,3.4,2.9,3.9,2.0,1.0,1.0
17055,3.9,4.0,4.0,4.0,9.0,4.0
2907,2.9,3.1,4.9,4.0,9.0,1.0
17164,2.8,1.2,4.0,3.0,1.0,1.0
591,3.8,3.9,4.0,2.1,5.0,1.0
535,3.6,3.0,4.0,3.0,4.0,1.0
16842,3.5,4.1,3.0,5.0,9.0,2.0
1533,3.7,2.9,4.0,3.0,3.0,1.0
1023,3.2,3.0,4.0,4.0,1.0,1.0
3025,3.2,3.0,3.9,2.1,6.0,1.0
923,3.3,3.0,4.0,2.9,1.0,1.0
304,3.5,4.1,4.0,5.0,9.0,2.0
4912,3.7,3.9,2.9,5.0,9.0,2.0
333,4.1,4.0,3.0,2.9,9.0,1.0
5376,4.0,4.1,2.0,4.9,9.0,1.0
2326,2.9,3.0,4.0,4.0,9.0,1.0
332,4.0,4.0,2.0,5.0,9.0,2.0
7103,2.2,1.2,4.0,1.9,8.0,1.0
17736,2.2,1.2,3.9,3.0,5.0,1.0
2498,3.4,3.0,3.9,1.0,4.0,1.0
3357,2.3,1.1,4.0,2.0,1.0,1.0
6392,4.2,4.1,3.0,5.0,9.0,3.0
5641,3.9,4.1,2.9,4.1,9.0,2.0
2233,3.8,2.9,4.0,4.0,9.0,1.0
559,2.7,1.1,4.0,3.0,6.0,1.0
414,4.1,4.1,3.0,2.9,9.0,1.0
2800,3.5,3.0,3.1,2.9,2.0,1.0
2965,3.2,4.0,1.9,4.0,9.0,1.0
614,2.3,1.2,2.1,1.0,3.0,1.0
1501,2.6,1.0,4.0,4.0,1.0,1.0
840,3.9,3.0,4.0,4.0,9.0,1.0
1181,3.1,2.9,4.0,4.0,3.0,3.0
2161,2.3,3.0,3.0,1.1,9.0,1.0
18255,4.0,4.0,2.0,4.9,9.0,1.0
529,3.6,3.0,4.0,2.0,6.0,1.0
5171,3.3,1.2,3.0,4.1,3.0,1.0
5623,2.8,1.1,3.0,3.1,,1.0
1398,3.0,3.0,3.0,3.0,7.0,1.0
140,3.4,4.0,4.0,2.0,7.0,1.0
2265,3.8,4.0,4.0,4.0,9.0,1.0
1886,3.8,3.9,4.0,2.0,9.0,1.0
1818,3.5,3.0,2.0,3.9,9.0,1.0
7450,2.4,1.0,3.0,1.1,3.0,1.0
1985,3.5,3.1,4.0,3.9,9.0,1.0
3076,3.6,3.0,3.9,1.1,3.0,1.0
1175,4.0,4.0,4.0,2.1,9.0,1.0
6571,3.9,4.0,2.0,3.0,9.0,2.0
2492,2.5,1.2,3.1,3.0,1.0,1.0
1240,3.0,1.2,4.1,4.0,1.0,1.0
5722,3.2,3.0,3.0,2.0,9.0,1.0
1658,3.6,4.1,3.1,4.9,9.0,3.0
1994,4.1,3.0,4.0,4.0,,1.0
2414,2.6,1.2,4.0,2.0,4.0,1.0
689,3.0,1.2,4.0,5.0,2.0,1.0
2056,3.7,2.9,3.0,4.9,,1.0
1801,2.8,3.9,3.1,1.9,9.0,1.0
2917,3.5,4.0,4.9,5.0,9.0,4.0
1056,2.8,1.2,4.0,3.0,1.0,1.0
480,3.5,3.0,4.0,4.0,8.0,1.0
3093,4.4,4.0,4.9,4.0,8.0,1.0
7452,2.8,1.0,3.0,1.9,3.0,1.0
2173,3.4,3.0,4.0,4.0,9.0,1.0
1118,4.5,4.0,4.0,5.0,9.0,2.0
2508,2.8,1.1,3.9,4.0,1.0,1.0
1765,4.1,4.1,4.0,4.1,9.0,1.0
2421,2.8,1.1,4.0,2.0,2.0,1.0
2047,3.5,3.0,4.0,4.0,8.0,1.0
702,3.5,3.1,4.0,2.0,9.0,1.0
812,2.7,1.2,4.0,4.0,5.0,1.0
1826,3.5,3.0,4.0,4.1,9.0,1.0
7346,2.8,1.0,3.0,2.0,1.0,1.0
625,2.6,1.1,4.0,2.0,2.0,1.0
15939,3.5,1.1,4.0,5.0,1.0,1.0
1298,3.6,1.1,5.0,5.0,3.0,5.0
1121,3.7,4.0,4.1,5.0,9.0,1.0
1356,2.8,1.2,4.0,4.0,1.0,1.0
6128,3.2,4.0,3.0,5.0,9.0,3.0
6863,3.2,3.0,4.0,2.0,3.0,1.0
2111,3.4,3.1,3.0,3.0,3.0,1.0
7480,4.0,4.0,5.0,3.9,6.0,1.0
650,4.1,5.0,3.0,2.0,9.0,1.0
1288,3.9,4.1,4.0,2.1,8.0,1.0
3362,2.8,1.2,4.0,2.0,2.0,1.0
1730,2.5,1.1,3.0,2.0,1.0,1.0
18005,3.1,3.0,3.0,4.1,9.0,2.0
6740,3.5,3.0,4.0,3.9,4.0,5.0
2174,4.5,4.1,4.0,4.9,9.0,3.0
2,4.0,4.0,2.0,4.0,9.0,2.0
17162,2.9,1.2,4.0,4.0,1.0,1.0
7221,3.4,3.0,4.0,2.0,9.0,1.0
5133,4.2,4.0,3.0,5.0,9.0,3.0
1950,3.3,1.2,4.0,2.9,3.0,1.0
568,3.8,3.0,4.9,4.0,3.0,2.0
1108,3.4,3.0,3.0,1.1,5.0,1.0
5690,4.2,4.0,3.0,5.0,8.0,2.0
2898,4.2,4.0,4.0,4.0,9.0,1.0
2139,3.6,3.0,3.1,4.0,9.0,1.0
5656,3.7,3.0,3.0,4.1,9.0,1.0
1838,2.5,1.1,3.0,4.0,1.0,1.0
3198,2.8,1.1,4.0,2.0,1.0,1.0
768,3.3,1.2,4.1,4.0,9.0,1.0
1451,2.8,3.0,3.1,4.0,4.0,1.0
3156,3.2,2.9,3.9,2.0,6.0,1.0
2217,3.3,2.9,4.0,4.9,3.0,1.0
1187,4.5,4.0,4.0,5.0,9.0,3.0
1789,3.6,4.0,3.0,2.0,6.0,1.0
739,3.4,4.0,3.1,2.0,9.0,1.0
2257,4.7,3.9,4.1,5.0,9.0,1.0
14683,3.4,1.0,4.0,4.1,2.0,1.0
1739,3.1,3.0,3.0,4.0,3.0,1.0
5615,2.6,1.1,4.0,4.0,1.0,1.0
1631,4.3,4.0,3.0,5.0,7.0,5.0
1719,3.5,3.0,4.0,2.9,1.0,1.0
1375,3.1,3.0,4.0,2.0,9.0,1.0
2055,4.2,4.1,3.0,5.0,9.0,2.0
2039,3.6,1.2,4.9,5.0,3.0,1.0
6252,3.0,1.0,4.0,5.0,3.0,1.0
7276,3.5,3.0,1.9,3.0,3.0,1.0
398,4.1,4.1,4.0,4.0,9.0,1.0
2832,4.6,4.0,5.0,5.0,9.0,4.0
1002,3.6,4.1,3.0,3.0,9.0,1.0
463,3.4,3.0,4.0,4.0,1.0,1.0
1524,3.0,1.2,4.1,4.0,2.0,1.0
101,3.8,3.1,4.0,3.0,9.0,1.0
5388,3.5,4.1,3.0,5.0,9.0,2.0
6276,2.6,1.2,4.0,1.0,9.0,1.0
4972,4.0,4.1,3.0,5.0,8.0,4.0
973,2.7,3.0,3.0,1.0,6.0,1.0
916,3.4,2.9,4.0,2.9,5.0,1.0
5707,2.7,1.1,3.0,2.0,1.0,1.0
2336,2.9,1.2,4.0,4.9,4.0,1.0
460,4.4,4.0,4.0,5.0,9.0,2.0
16806,4.0,4.1,3.0,5.0,9.0,2.0
767,2.7,1.2,4.0,3.9,1.0,1.0
1170,3.8,4.0,4.0,1.9,9.0,1.0
17721,2.8,1.1,4.0,1.0,1.0,1.0
1733,4.3,3.0,4.0,5.0,9.0,1.0
1162,3.7,4.0,4.0,2.0,9.0,1.0
2379,3.1,2.2,3.0,1.0,,1.0
3306,3.4,3.1,3.9,1.0,9.0,1.0
2072,3.9,3.0,4.0,5.0,3.0,4.0
1786,3.4,4.0,3.0,1.0,6.0,1.0
2878,2.5,1.2,3.9,4.0,6.0,1.0
2299,2.6,1.2,3.0,3.0,3.0,1.0
2034,3.2,1.2,3.1,2.0,3.0,1.0
3051,3.0,1.2,4.0,2.0,5.0,1.0
2447,3.6,3.0,3.1,2.9,4.0,1.0
4854,3.8,4.0,3.0,3.0,9.0,2.0
1858,3.9,4.0,2.9,4.0,9.0,1.0
1286,3.8,4.0,4.9,5.0,9.0,4.0
18014,3.2,4.0,4.9,4.0,9.0,1.0
17149,2.8,1.2,4.0,3.0,1.0,1.0
1369,3.3,3.0,3.9,2.0,3.0,1.0
3418,3.8,4.1,5.0,4.9,8.0,1.0
3363,4.2,4.0,4.9,5.0,9.0,5.0
7075,2.2,1.2,4.0,1.9,8.0,1.0
256,2.8,1.2,4.0,2.0,2.0,1.0
18326,3.4,4.0,4.1,4.1,9.0,2.0
537,3.6,3.0,4.0,3.0,4.0,1.0
3167,3.6,3.9,3.0,4.0,6.0,1.0
18212,4.6,5.0,4.0,1.9,9.0,1.0
1098,3.5,4.0,3.1,4.0,9.0,1.0
1798,3.5,4.0,3.0,2.0,7.0,1.0
6535,3.5,3.0,3.0,4.0,4.0,1.0
17154,2.9,1.2,4.0,3.9,1.0,1.0
799,3.0,3.0,4.9,4.0,9.0,2.0
1525,4.2,4.0,4.9,5.0,9.0,5.0
15205,3.2,4.0,1.9,4.0,9.0,1.0
4870,3.9,4.0,2.0,4.0,9.0,1.0
2388,3.3,1.2,4.0,3.0,1.0,3.0
1705,2.5,1.2,3.0,2.0,,1.0
1651,4.4,4.1,4.0,5.0,9.0,1.0
7307,3.0,1.2,1.1,3.1,3.0,1.0
3392,3.8,4.0,4.0,2.0,8.0,1.0
2904,3.4,3.1,3.0,5.0,9.0,4.0
2143,3.4,3.0,3.1,2.0,4.0,1.0
16536,3.3,3.9,1.0,2.0,9.0,1.0
1523,3.2,2.9,4.0,2.9,6.0,1.0
5214,2.5,1.2,1.1,4.0,1.0,1.0
3314,3.5,3.0,4.0,4.0,4.0,1.0
2460,3.5,3.9,3.1,4.0,6.0,1.0
1958,2.8,1.2,4.0,3.0,8.0,1.0
579,2.7,1.2,4.0,2.1,5.0,1.0
6866,3.4,3.9,4.0,2.1,9.0,1.0
2180,4.2,2.9,4.0,5.0,6.0,1.0
2842,4.1,4.1,5.0,5.0,8.0,5.0
1732,3.2,1.2,4.0,5.0,3.0,1.0
2065,3.4,3.0,4.0,3.1,9.0,1.0
6580,3.9,4.0,2.1,3.0,9.0,2.0
1842,3.2,2.9,3.0,3.0,9.0,1.0
118,3.7,3.0,4.9,4.9,4.0,1.0
5884,4.0,4.0,2.0,5.0,9.0,1.0
1379,3.4,3.1,4.0,1.9,9.0,1.0
17050,3.4,1.2,4.0,4.0,1.0,1.0
2500,2.9,3.0,3.9,1.0,5.0,1.0
2080,2.5,1.1,4.0,4.9,3.0,1.0
1009,2.5,1.2,3.0,1.0,1.0,1.0
819,4.0,4.0,4.0,4.1,9.0,1.0
69,2.8,3.0,4.0,3.0,3.0,1.0
1990,3.6,2.9,4.0,4.1,6.0,1.0
2029,3.0,3.0,4.0,4.0,4.0,1.0
16420,4.2,4.1,3.0,5.0,9.0,1.0
6857,2.9,3.0,4.0,2.1,3.0,1.0
786,3.8,4.0,4.0,2.1,9.0,1.0
3444,4.6,5.0,4.0,3.9,7.0,1.0
3194,3.2,4.0,4.0,4.0,,1.0
329,3.6,4.1,3.9,5.0,9.0,3.0
6960,4.1,4.0,3.0,5.0,9.0,2.0
16877,2.6,1.0,4.0,3.0,3.0,1.0
1809,3.9,4.0,4.0,2.0,9.0,1.0
5845,3.9,4.1,3.0,3.0,9.0,1.0
162,3.6,3.0,3.9,3.9,9.0,1.0
7365,2.8,1.0,3.0,2.0,4.0,1.0
1781,2.7,1.1,3.0,4.0,3.0,1.0
6791,4.2,4.1,3.0,5.0,9.0,2.0
3339,3.2,3.0,4.0,4.0,1.0,1.0
582,3.8,3.9,3.9,2.1,5.0,1.0
965,2.6,3.0,3.0,1.0,6.0,1.0
1078,2.8,1.2,3.9,2.0,3.0,1.0
17196,3.5,1.1,4.1,4.9,3.0,1.0
2529,3.3,1.1,4.0,4.1,3.0,1.0
2510,2.7,1.1,3.9,4.0,1.0,1.0
1899,4.0,4.1,4.0,4.0,9.0,1.0
1741,3.9,4.0,3.0,4.9,3.0,1.0
515,2.6,1.0,4.0,3.0,1.0,1.0
712,3.9,4.0,4.0,3.0,5.0,1.0
7393,2.8,1.1,1.0,3.9,3.0,1.0
518,4.3,4.0,4.0,5.0,7.0,1.0
6617,2.9,1.1,3.0,2.0,1.0,1.0
1404,3.0,3.0,4.0,2.0,9.0,1.0
6614,2.9,1.1,3.0,2.0,1.0,1.0
1937,3.0,1.2,4.0,2.0,5.0,1.0
2838,3.6,4.0,4.0,5.0,9.0,3.0
2341,3.8,4.0,3.9,4.0,7.0,1.0
3125,4.2,4.1,5.0,4.9,9.0,1.0
615,2.3,1.2,2.1,1.0,3.0,1.0
17728,2.2,1.2,3.9,3.0,5.0,1.0
604,3.0,3.0,3.0,2.0,6.0,1.0
1366,2.9,3.0,3.1,3.0,9.0,1.0
6669,4.0,3.9,3.0,5.0,,1.0
2057,3.3,3.0,4.0,4.0,1.0,1.0
1768,2.7,1.0,4.0,4.1,3.0,1.0
6021,3.1,1.1,2.0,4.1,5.0,1.0
2144,4.4,4.0,4.0,4.0,9.0,2.0
4946,3.9,4.0,3.0,3.0,9.0,4.0
3395,2.6,1.2,3.0,4.0,2.0,1.0
3373,3.4,1.2,4.0,5.0,9.0,4.0
6318,3.2,3.1,4.0,4.1,9.0,1.0
6378,3.6,3.0,3.0,4.0,3.0,2.0
6600,2.7,1.1,3.0,2.0,4.0,1.0
1772,2.9,1.2,4.0,2.9,1.0,1.0
5013,4.2,4.0,3.0,5.0,6.0,3.0
822,3.8,4.1,4.0,4.9,8.0,2.0
5342,4.0,4.1,4.0,3.0,9.0,1.0
2533,3.4,1.1,4.0,4.1,3.0,1.0
16286,3.2,3.0,3.1,3.0,3.0,1.0
5579,2.2,1.0,3.0,1.0,1.0,1.0
2135,3.6,3.0,3.1,4.0,9.0,1.0
608,2.9,4.0,3.1,2.0,9.0,1.0
2517,3.4,4.1,4.0,2.0,9.0,1.0
6067,4.0,3.0,4.0,5.0,9.0,2.0
2043,3.4,1.1,3.9,4.1,5.0,1.0
2114,4.0,4.1,3.0,3.9,8.0,1.0
6026,2.9,3.0,2.0,4.1,8.0,1.0
497,3.3,3.0,3.9,4.0,3.0,1.0
5354,3.5,4.0,3.0,5.0,9.0,2.0
2494,3.4,3.0,4.0,1.0,9.0,1.0
87,3.4,4.1,4.0,1.0,9.0,1.0
6154,4.0,4.0,4.0,5.0,3.0,1.0
492,4.4,3.9,4.1,5.0,6.0,1.0
2121,2.5,1.2,1.9,4.0,1.0,1.0
2153,4.6,4.0,4.9,4.0,9.0,1.0
59,2.8,1.1,4.0,1.0,1.0,1.0
403,3.0,3.0,4.0,4.0,3.0,4.0
954,3.2,3.1,3.0,1.0,6.0,1.0
17991,3.6,4.1,4.0,4.9,9.0,2.0
1423,3.8,4.0,4.0,4.0,9.0,1.0
3095,2.5,1.2,3.0,1.0,1.0,1.0
7466,2.8,1.0,3.0,2.0,4.0,1.0
2172,4.2,4.0,3.0,5.0,9.0,5.0
1450,3.5,3.0,3.0,3.1,5.0,1.0
1158,2.9,3.0,3.0,1.0,6.0,1.0
2855,4.4,4.1,4.9,5.0,9.0,3.0
738,3.6,4.0,4.0,5.0,9.0,2.0
2317,3.3,3.0,3.0,2.0,3.0,1.0
5757,3.4,3.0,3.0,3.1,5.0,1.0
1154,2.4,1.0,3.0,3.0,1.0,1.0
1345,3.1,2.9,4.0,4.0,5.0,1.0
7500,3.9,4.1,4.0,3.0,9.0,1.0
2300,3.1,3.0,4.0,4.0,9.0,1.0
929,3.0,1.0,4.0,4.0,2.0,1.0
457,3.5,3.1,3.1,3.1,9.0,1.0
1024,3.7,3.0,4.0,4.0,5.0,1.0
1935,2.6,1.2,4.0,4.1,1.0,1.0
7234,3.2,2.9,3.0,2.1,1.0,1.0
1113,2.9,3.0,2.1,1.9,4.0,1.0
2190,2.8,1.2,4.0,4.1,2.0,1.0
1428,2.8,1.1,4.9,4.9,5.0,1.0
755,3.6,3.0,4.0,4.0,3.0,1.0
3416,3.4,4.0,4.0,2.1,9.0,1.0
5604,2.6,1.2,2.0,2.0,5.0,1.0
7360,2.7,1.0,3.1,1.1,1.0,1.0
5347,4.1,4.1,3.0,5.0,9.0,5.0
1112,2.2,1.2,2.1,1.9,6.0,1.0
2258,3.7,4.0,4.0,5.0,9.0,2.0
5261,2.6,1.0,2.0,4.9,3.0,1.0
5124,4.2,3.9,4.0,5.0,9.0,2.0
5869,3.9,4.1,3.0,3.0,9.0,1.0
408,4.2,4.1,4.0,4.0,9.0,2.0
1394,2.5,3.0,3.0,3.1,4.0,1.0
2903,3.4,4.1,4.0,4.0,9.0,1.0
2168,3.5,3.0,3.0,4.0,7.0,1.0
4952,4.2,4.1,3.0,5.0,9.0,4.0
7147,3.4,3.0,2.9,4.0,4.0,1.0
523,3.4,4.1,4.0,5.0,9.0,3.0
424,3.8,4.1,4.0,2.0,9.0,2.0
2390,3.7,3.1,4.0,4.0,9.0,1.0
5455,4.0,4.1,3.0,5.0,9.0,5.0
1746,3.3,4.0,3.1,1.0,9.0,1.0
16723,3.6,3.0,2.0,3.9,4.0,1.0
5496,2.4,1.0,4.0,2.0,2.0,1.0
6681,2.6,1.2,3.0,2.0,4.0,1.0
1550,3.1,1.2,4.0,2.0,2.0,1.0
955,3.1,3.1,3.0,1.0,6.0,1.0
68,2.9,3.0,4.0,3.0,9.0,1.0
553,3.4,3.0,4.0,1.0,3.0,1.0
18264,3.4,4.0,5.0,5.0,9.0,1.0
17935,3.5,2.9,3.9,4.0,9.0,1.0
1779,3.5,3.0,4.0,2.9,1.0,1.0
1586,3.4,3.0,3.9,1.9,6.0,1.0
5709,2.7,1.1,3.0,2.0,1.0,1.0
1865,3.1,2.9,4.0,1.0,6.0,1.0
3409,2.7,1.1,4.0,1.0,3.0,1.0
6831,3.3,3.0,4.0,2.0,3.0,1.0
2382,3.5,3.0,4.0,4.0,9.0,1.0
717,4.1,3.9,4.0,4.0,9.0,1.0
3191,4.1,4.0,3.0,5.0,9.0,3.0
1740,3.1,3.0,3.0,4.0,3.0,1.0
5396,3.3,4.1,3.0,5.0,9.0,2.0
1664,3.0,1.0,4.0,5.0,3.0,2.0
2046,3.5,3.0,4.0,4.0,8.0,1.0
710,4.0,4.0,4.0,3.0,5.0,1.0
1393,3.5,4.0,3.1,4.0,9.0,1.0
3005,4.6,4.0,4.0,5.0,6.0,5.0
6456,3.5,3.0,4.0,4.0,9.0,1.0
956,3.5,4.0,3.0,1.0,7.0,1.0
2163,3.3,3.0,3.0,1.0,2.0,1.0
14924,3.4,4.0,4.0,5.0,9.0,1.0
1292,3.4,2.9,5.0,4.1,3.0,1.0
444,4.1,3.0,4.0,4.0,9.0,1.0
3075,2.9,3.0,3.9,1.0,2.0,1.0
2127,3.9,4.0,3.0,4.0,9.0,1.0
17063,3.2,3.0,4.0,4.0,9.0,2.0
7448,2.8,1.0,3.0,2.0,3.0,1.0
5427,3.6,3.9,4.0,3.0,8.0,1.0
3446,4.6,5.0,4.0,4.0,8.0,1.0
2117,3.4,1.1,3.1,4.0,3.0,1.0
1435,3.2,3.1,4.0,4.0,9.0,1.0
5393,3.6,3.9,4.0,3.0,8.0,1.0
2087,3.1,4.0,3.9,3.0,9.0,1.0
2827,3.5,4.1,4.0,5.0,9.0,4.0
3173,3.7,4.0,4.0,2.0,8.0,1.0
620,2.2,1.2,3.0,2.0,5.0,1.0
17735,2.2,1.2,3.9,3.0,5.0,1.0
2159,3.8,3.0,4.0,2.9,9.0,1.0
16581,3.6,3.1,4.0,3.1,9.0,1.0
14796,3.7,3.9,2.0,4.0,9.0,1.0
5377,3.8,4.1,2.0,4.1,9.0,1.0
16994,3.5,3.0,4.0,2.0,9.0,1.0
1090,3.2,4.0,5.0,4.0,9.0,1.0
555,3.4,3.0,4.0,1.0,5.0,1.0
7138,3.0,3.0,3.0,4.0,1.0,1.0
394,3.7,4.1,3.9,3.0,9.0,3.0
1022,3.6,3.0,4.0,4.1,9.0,3.0
773,3.4,4.0,4.0,4.9,7.0,3.0
16859,2.8,1.0,4.0,2.9,1.0,1.0
2079,4.4,4.0,5.0,5.0,9.0,1.0
944,4.2,4.1,3.0,3.0,9.0,2.0
5407,4.0,4.1,3.0,3.0,9.0,2.0
16497,3.2,3.9,1.0,2.0,9.0,1.0
465,4.6,4.0,5.0,5.0,9.0,2.0
29,3.9,3.0,3.9,4.9,9.0,1.0
2239,4.2,4.0,5.0,4.1,9.0,1.0
205,4.5,5.0,3.9,1.9,8.0,1.0
1034,2.6,1.0,3.9,2.0,2.0,1.0
315,4.2,4.0,4.9,5.0,9.0,5.0
1164,3.5,3.0,4.0,2.0,1.0,1.0
16136,2.9,1.2,3.0,4.0,1.0,1.0
1704,3.4,3.0,3.9,3.0,5.0,1.0
2106,3.6,3.0,4.1,3.0,9.0,1.0
6116,3.5,4.0,2.0,3.0,9.0,1.0
1390,2.8,1.1,4.0,1.0,1.0,1.0
4855,3.2,3.1,2.9,4.0,9.0,1.0
1151,2.5,1.0,3.0,3.0,1.0,1.0
1817,3.8,4.0,3.0,3.0,9.0,1.0
835,4.4,4.1,4.0,5.0,9.0,1.0
16542,3.0,3.1,1.1,2.1,8.0,1.0
2100,4.4,4.0,4.0,5.0,9.0,3.0
484,3.5,3.0,4.1,4.0,1.0,1.0
7479,4.1,4.0,5.0,3.9,6.0,1.0
3303,3.7,4.0,3.9,1.0,9.0,1.0
4995,4.1,4.1,3.0,5.0,9.0,2.0
17166,2.7,1.2,3.9,3.0,9.0,1.0
6346,4.1,4.0,3.0,5.0,9.0,5.0
6598,2.6,1.1,3.0,2.0,4.0,1.0
448,3.5,3.0,4.9,4.9,3.0,1.0
633,3.6,3.0,4.0,3.1,8.0,1.0
7134,3.4,3.0,2.9,3.9,5.0,1.0
2932,3.6,3.1,3.0,4.0,9.0,1.0
3158,3.3,3.0,3.1,4.0,6.0,1.0
1079,3.5,2.9,4.0,4.0,1.0,1.0
830,3.7,3.0,4.1,3.0,9.0,1.0
3165,3.3,3.0,3.1,4.0,9.0,1.0
2078,2.5,1.1,4.0,4.9,3.0,1.0
909,3.7,3.1,3.0,4.0,9.0,1.0
1682,3.0,1.2,4.0,3.0,3.0,1.0
16330,4.1,4.1,3.0,5.0,9.0,3.0
1233,3.5,3.0,4.1,2.0,4.0,1.0
6148,3.9,4.0,3.0,4.0,7.0,1.0
836,3.2,3.0,3.1,1.9,3.0,1.0
2836,4.2,4.0,4.9,5.0,9.0,5.0
1573,4.1,4.0,4.0,3.0,9.0,1.0
1373,3.1,3.0,4.0,2.0,9.0,1.0
481,2.9,3.0,4.0,4.0,9.0,1.0
2975,3.4,2.9,4.0,2.1,1.0,1.0
914,3.2,2.9,4.0,2.0,5.0,1.0
1088,3.7,4.0,4.0,4.0,9.0,1.0
2074,1.9,1.0,4.0,1.1,2.0,1.0
18211,4.0,4.0,3.1,4.9,9.0,1.0
3290,3.4,3.0,3.9,1.0,6.0,1.0
1005,3.3,4.1,3.0,3.0,9.0,1.0
17191,3.4,1.2,4.9,4.0,3.0,1.0
2288,4.4,5.0,4.0,3.1,7.0,1.0
1319,4.6,4.0,4.0,5.0,9.0,5.0
18231,4.1,4.0,4.0,4.9,9.0,1.0
3382,3.5,2.9,3.0,4.0,3.0,1.0
2243,3.4,1.1,3.0,3.0,3.0,1.0
16754,3.9,4.0,3.0,4.9,8.0,1.0
1638,4.2,4.0,4.9,5.0,9.0,5.0
1559,2.6,1.2,3.1,1.1,6.0,1.0
601,2.6,1.2,3.0,2.0,3.0,1.0
1159,3.4,3.0,3.0,1.0,6.0,1.0
3008,3.8,3.0,2.0,4.0,5.0,1.0
2378,3.6,3.0,4.0,3.9,3.0,1.0
686,2.5,1.0,3.0,1.0,1.0,1.0
600,3.1,3.0,3.0,2.0,6.0,1.0
2448,3.6,3.0,3.1,2.9,7.0,1.0
55,4.2,4.0,4.9,5.0,8.0,5.0
17033,3.6,4.0,4.0,3.1,9.0,1.0
5227,4.0,2.9,3.1,5.0,9.0,1.0
1143,3.8,3.9,4.0,2.0,8.0,1.0
5746,3.3,3.0,3.9,3.0,9.0,1.0
17189,3.4,1.2,4.9,4.0,3.0,1.0
5431,2.8,2.4,4.0,1.0,9.0,1.0
706,3.5,4.0,4.0,2.0,9.0,1.0
1536,2.9,1.1,3.0,2.9,3.0,1.0
5901,4.0,4.0,2.0,5.0,9.0,1.0
1529,3.6,2.9,4.0,4.0,9.0,1.0
2301,3.6,3.0,4.0,4.0,9.0,1.0
563,4.0,4.1,4.0,3.0,9.0,1.0
2969,3.1,1.6,5.0,4.9,9.0,2.0
468,3.9,4.1,4.0,2.0,9.0,1.0
3389,3.7,3.0,4.0,5.0,6.0,1.0
1696,4.0,4.1,4.0,5.0,9.0,4.0
2287,3.6,3.0,3.1,4.0,9.0,1.0
1901,3.8,3.9,3.9,4.0,9.0,1.0
1109,3.7,4.0,3.0,1.0,6.0,1.0
925,3.2,3.0,4.0,2.1,1.0,1.0
1226,3.4,2.9,4.0,4.0,2.0,1.0
2241,4.6,4.0,4.0,5.0,9.0,5.0
6465,3.5,3.0,4.0,4.0,9.0,2.0
17734,2.1,1.2,3.1,2.9,5.0,1.0
501,3.1,3.1,3.1,3.0,9.0,1.0
18267,2.9,1.2,4.0,4.9,5.0,1.0
1849,3.5,3.0,3.9,1.1,2.0,1.0
2005,3.5,1.2,2.0,4.0,3.0,1.0
1049,3.1,1.2,4.0,4.1,6.0,1.0
571,3.9,3.0,4.9,4.0,3.0,1.0
1707,3.4,2.9,4.0,2.0,1.0,1.0
1846,3.9,4.1,4.0,5.0,,2.0
3031,3.1,3.0,3.1,2.0,4.0,1.0
17729,2.1,1.2,3.1,2.9,5.0,1.0
6525,3.5,3.0,3.0,4.0,4.0,1.0
2491,2.6,1.2,4.0,3.9,1.0,1.0
2516,3.4,4.1,4.0,2.0,9.0,1.0
2304,3.0,1.2,2.0,4.0,4.0,1.0
404,4.0,4.0,3.0,3.0,1.0,2.0
1239,3.5,4.0,4.9,4.9,9.0,1.0
1032,2.9,1.0,3.1,2.1,2.0,1.0
2445,3.6,3.0,3.0,3.9,6.0,1.0
2897,4.2,4.0,3.0,5.0,6.0,5.0
3186,3.3,3.0,3.1,2.9,2.0,1.0
939,3.1,2.9,4.0,3.0,4.0,1.0
5256,3.1,1.0,1.9,4.1,1.0,1.0
2267,3.0,3.0,3.1,5.0,6.0,1.0
7169,3.4,3.0,2.9,4.0,5.0,1.0
257,2.8,1.2,4.0,4.0,2.0,1.0
5909,3.5,3.0,3.0,4.9,1.0,2.0
1729,2.8,1.1,4.0,4.1,5.0,1.0
5422,4.0,4.1,3.0,5.0,9.0,3.0
1554,3.8,4.0,2.0,4.1,9.0,2.0
18282,3.1,3.0,5.0,4.0,5.0,1.0
2968,3.5,4.1,4.0,5.0,6.0,3.0
5410,2.4,1.9,3.9,2.0,2.0,1.0
5669,3.9,4.0,3.0,5.0,9.0,1.0
843,3.4,3.0,3.1,4.0,9.0,1.0
1855,3.4,3.0,3.1,1.0,9.0,1.0
3132,3.1,1.1,3.0,4.1,3.0,1.0
1986,3.0,1.1,4.0,4.0,4.0,2.0
1065,3.1,2.9,3.0,1.9,6.0,1.0
1145,3.8,3.9,4.0,2.0,8.0,1.0
2994,3.2,3.0,3.0,2.1,9.0,1.0
1650,4.0,4.1,3.0,2.0,8.0,1.0
3024,3.3,3.0,3.9,3.0,6.0,1.0
17174,3.2,2.9,3.1,3.9,1.0,1.0
1913,3.2,3.0,4.0,4.0,5.0,1.0
6871,3.3,3.0,4.0,2.0,3.0,1.0
540,3.4,4.0,3.9,4.0,9.0,1.0
312,4.4,4.0,4.0,5.0,9.0,1.0
547,4.1,3.0,5.0,4.0,9.0,2.0
533,3.9,4.1,4.0,4.0,9.0,1.0
16244,3.2,4.0,4.0,4.0,9.0,1.0
2061,3.2,3.0,3.0,1.1,9.0,1.0
3129,2.8,1.1,4.0,2.0,2.0,3.0
770,4.1,4.1,4.0,5.0,9.0,2.0
3056,3.5,4.0,3.9,1.0,9.0,1.0
2036,3.8,3.0,4.0,4.0,9.0,1.0
5335,3.9,4.1,3.0,5.0,9.0,5.0
81,3.6,4.1,3.1,4.0,9.0,4.0
7491,3.7,4.1,4.0,2.1,9.0,1.0
3360,3.8,3.1,4.9,3.9,6.0,1.0
6085,3.6,3.0,4.0,4.0,9.0,1.0
105,2.9,1.2,4.0,5.0,3.0,4.0
253,2.5,1.2,3.9,1.0,2.0,1.0
6852,3.1,3.0,4.0,2.1,3.0,1.0
1117,2.8,2.1,4.0,2.0,9.0,1.0
6887,3.2,4.0,4.0,2.9,9.0,1.0
690,2.9,1.2,4.0,4.0,2.0,3.0
1013,2.5,1.2,3.0,1.0,4.0,1.0
16837,3.5,4.1,3.0,5.0,9.0,2.0
11,3.8,2.9,4.1,4.0,4.0,1.0
859,2.6,1.1,3.0,2.0,1.0,1.0
18044,3.4,4.0,4.0,3.0,9.0,1.0
2938,4.3,4.1,4.9,5.0,9.0,4.0
756,3.6,3.0,4.1,4.0,9.0,1.0
2840,4.3,4.1,4.0,5.0,9.0,5.0
510,3.7,2.9,4.1,2.0,1.0,1.0
7301,3.1,1.2,1.1,3.0,3.0,1.0
20,3.8,4.0,3.0,1.0,9.0,1.0
1918,2.2,1.1,3.0,2.0,1.0,1.0
1866,3.1,2.9,4.0,1.0,6.0,1.0
3062,3.5,4.0,4.0,1.0,9.0,1.0
323,3.6,4.0,4.0,4.9,9.0,1.0
7390,2.7,1.1,1.0,2.1,1.0,1.0
2260,3.8,4.0,4.0,5.0,9.0,4.0
5777,3.2,4.0,3.0,5.0,9.0,4.0
1544,3.9,4.1,2.9,4.0,9.0,2.0
2097,2.8,1.2,2.0,4.0,1.0,1.0
1928,2.8,1.2,4.0,4.0,1.0,1.0
1191,3.8,3.9,3.0,2.0,5.0,1.0
2278,3.5,4.0,3.0,1.0,8.0,1.0
93,4.2,4.1,3.0,5.0,9.0,4.0
1433,2.6,1.1,3.0,3.0,1.0,1.0
1016,2.4,1.1,3.0,1.0,2.0,1.0
89,3.5,4.0,4.0,4.9,6.0,1.0
6646,3.0,3.0,2.0,3.9,5.0,1.0
7387,2.7,1.1,1.0,2.1,1.0,1.0
17190,3.4,1.1,4.9,4.0,3.0,1.0
3001,3.6,3.0,3.0,3.9,3.0,1.0
4976,4.2,4.1,3.0,5.0,9.0,3.0
16820,3.3,4.1,3.0,5.0,9.0,1.0
1981,2.5,1.2,3.9,3.0,2.0,1.0
1123,4.3,4.0,4.9,4.0,9.0,1.0
2369,3.4,2.9,3.9,4.0,9.0,1.0
6977,3.5,1.2,3.9,4.0,2.0,1.0
687,2.8,1.1,4.0,5.0,1.0,1.0
2901,4.6,4.1,3.0,5.0,9.0,4.0
7236,2.9,3.0,3.0,2.9,3.0,1.0
3425,4.1,4.0,3.9,2.0,7.0,1.0
7468,2.4,1.0,3.0,1.1,3.0,1.0
7124,3.0,2.5,4.0,2.0,7.0,1.0
1864,3.1,2.9,4.0,1.0,6.0,1.0
6514,3.5,3.0,3.0,4.0,4.0,1.0
575,2.6,1.2,4.0,2.1,2.0,1.0
597,3.3,3.0,4.0,2.9,3.0,1.0
5541,3.5,4.1,3.0,5.0,9.0,1.0
1830,4.1,4.0,2.9,5.0,9.0,2.0
737,3.6,4.0,4.0,5.0,9.0,2.0
425,3.6,4.1,4.0,2.0,4.0,2.0
1277,3.2,3.0,2.9,5.0,3.0,1.0
1856,3.5,2.9,3.9,1.0,6.0,1.0
1566,3.1,3.0,4.0,4.0,4.0,1.0
6881,3.5,3.1,4.0,3.1,9.0,1.0
2534,3.1,1.1,4.0,4.9,3.0,1.0
2186,3.4,2.9,5.0,4.0,3.0,1.0
31,2.7,1.1,3.0,2.0,2.0,1.0
308,2.8,4.0,4.1,2.1,9.0,1.0
15705,4.1,4.1,3.0,5.0,9.0,2.0
3364,3.3,3.0,5.0,5.0,9.0,2.0
3317,4.3,4.0,5.0,5.0,9.0,2.0
5490,2.2,1.0,4.0,2.0,2.0,1.0
495,3.7,3.9,3.0,4.0,9.0,1.0
1543,3.5,3.0,4.0,3.0,9.0,1.0
2107,3.5,4.1,4.0,4.1,9.0,1.0
5926,3.9,3.0,3.0,5.0,9.0,1.0
776,2.9,1.0,4.0,4.0,2.0,1.0
3356,4.3,4.0,3.0,5.0,9.0,2.0
1341,3.2,2.9,4.0,4.0,5.0,1.0
7484,3.9,4.1,4.0,3.0,9.0,1.0
1712,3.4,3.0,4.0,2.1,4.0,1.0
3279,3.6,3.0,4.0,5.0,9.0,1.0
598,3.3,3.0,4.0,3.0,3.0,1.0
3381,3.5,2.9,3.0,4.0,3.0,1.0
586,3.8,3.9,3.9,2.1,5.0,1.0
565,4.0,4.1,4.0,3.0,9.0,1.0
1169,3.8,4.0,4.0,1.9,9.0,1.0
6220,2.5,1.2,4.0,3.0,1.0,1.0
2970,4.1,3.9,4.0,4.0,1.0,1.0
3371,3.6,2.9,4.9,3.0,7.0,1.0
1835,3.6,3.9,3.0,4.0,9.0,1.0
3163,4.1,4.1,4.1,3.0,9.0,2.0
6170,4.2,4.0,3.0,5.0,7.0,4.0
2857,3.9,4.1,4.0,4.9,9.0,4.0
3090,3.1,3.0,3.0,2.0,1.0,3.0
2495,3.5,3.0,4.0,1.0,9.0,1.0
3027,3.3,3.0,3.9,3.9,7.0,1.0
7477,3.9,4.0,5.0,4.0,9.0,1.0
1144,3.7,3.9,4.0,2.0,8.0,1.0
1840,2.6,1.1,3.0,4.0,1.0,1.0
1970,3.7,3.0,4.1,2.0,9.0,1.0
966,2.6,3.0,3.0,1.0,6.0,1.0
16140,2.9,1.2,3.0,4.0,3.0,1.0
2228,3.6,3.9,4.0,2.0,9.0,1.0
318,3.6,1.1,4.1,4.0,3.0,1.0
2027,3.9,4.0,3.9,2.0,9.0,1.0
2420,2.7,1.1,4.0,2.0,3.0,1.0
7496,3.9,4.0,4.0,3.9,7.0,1.0
7495,3.8,4.0,4.0,3.9,7.0,1.0
3292,3.3,3.0,3.9,1.1,9.0,1.0
353,2.8,1.1,4.0,4.0,1.0,1.0
136,3.5,4.0,4.0,2.0,7.0,1.0
16272,3.3,3.0,3.1,3.0,9.0,1.0
970,2.8,3.0,3.0,1.0,6.0,1.0
287,2.8,1.1,4.0,3.0,5.0,1.0
3399,3.6,4.0,4.9,4.9,9.0,4.0
1965,3.7,1.3,4.9,5.0,9.0,2.0
534,3.6,3.0,4.0,3.0,5.0,1.0
1889,3.8,3.9,4.0,2.1,9.0,1.0
761,2.9,1.2,4.0,4.0,9.0,1.0
1857,3.6,3.0,3.9,1.0,5.0,1.0
700,2.9,1.0,3.0,2.0,1.0,1.0
1443,4.3,4.1,4.9,5.0,9.0,4.0
3453,3.7,4.1,2.0,4.0,9.0,3.0
599,3.6,4.1,4.0,4.0,9.0,3.0
392,3.5,4.0,3.0,5.0,9.0,4.0
3372,3.7,3.0,4.9,3.0,1.0,1.0
996,3.3,4.0,3.1,2.0,1.0,1.0
732,2.9,1.1,4.9,3.0,1.0,1.0
16528,3.3,4.0,1.1,2.0,7.0,1.0
3401,3.5,4.1,3.0,4.0,9.0,4.0
873,2.7,1.1,3.0,2.0,1.0,1.0
452,3.8,4.1,4.0,5.0,9.0,2.0
525,3.7,4.0,4.9,3.1,9.0,1.0
2229,4.4,4.0,5.0,5.0,9.0,1.0
1863,3.1,2.9,4.0,1.0,6.0,1.0
467,3.4,3.0,4.0,4.0,9.0,3.0
18260,3.4,4.0,3.0,4.0,9.0,1.0
7248,3.1,2.9,3.0,2.1,1.0,1.0
17171,3.2,2.9,3.1,3.0,1.0,1.0
2130,4.1,4.0,2.9,5.0,9.0,2.0
1235,3.9,3.0,4.0,5.0,9.0,3.0
6214,2.5,1.2,4.0,3.0,1.0,1.0
1186,4.0,4.1,4.0,5.0,9.0,3.0
3387,3.7,3.0,4.0,4.9,6.0,1.0
5036,3.8,3.1,2.9,5.0,9.0,1.0
1021,3.7,3.0,4.0,4.1,9.0,2.0
4851,3.8,4.0,3.0,3.0,9.0,3.0
2806,4.4,4.0,4.0,5.0,9.0,1.0
2160,3.1,3.0,3.0,1.1,9.0,1.0
2481,3.0,4.0,4.0,2.1,8.0,1.0
1820,3.3,3.0,2.0,3.1,9.0,1.0
1371,2.9,1.1,4.0,4.0,,1.0
429,3.6,4.0,3.1,1.0,5.0,1.0
731,2.6,1.2,4.9,2.0,1.0,1.0
1723,3.8,3.9,4.0,3.0,4.0,1.0
1868,3.1,2.9,4.0,1.0,6.0,1.0
112,2.7,3.1,3.1,3.0,9.0,1.0
1190,3.9,4.0,3.1,2.9,9.0,1.0
6483,3.7,4.0,2.0,4.1,9.0,1.0
2980,3.4,4.0,5.0,5.0,,5.0
475,3.3,1.2,4.1,4.9,5.0,1.0
17092,2.9,1.2,4.0,2.9,4.0,1.0
7396,2.8,1.1,1.0,3.0,1.0,1.0
1412,3.8,4.0,5.0,5.0,9.0,2.0
3377,3.2,3.1,4.0,4.0,4.0,1.0
3002,4.2,4.1,5.0,5.0,9.0,5.0
2295,3.2,4.1,3.0,2.1,9.0,1.0
6432,4.2,4.0,3.0,5.0,9.0,3.0
5760,3.4,3.0,3.0,3.1,5.0,1.0
2450,3.5,3.9,3.9,1.0,9.0,1.0
2978,4.2,4.0,3.0,5.0,1.0,5.0
15792,3.2,4.1,2.1,4.9,8.0,1.0
2245,3.4,2.9,4.0,5.0,4.0,1.0
1370,2.9,1.1,3.9,3.0,1.0,1.0
789,3.6,3.0,5.0,4.1,3.0,1.0
15465,3.8,3.9,3.0,3.0,9.0,1.0
2799,4.2,4.1,4.0,4.0,9.0,1.0
999,3.0,4.0,3.1,2.0,9.0,1.0
593,3.7,3.9,4.0,2.1,5.0,1.0
2063,3.5,3.0,4.1,4.0,3.0,1.0
1900,2.8,1.2,4.0,2.1,5.0,1.0
1677,3.2,3.0,3.0,2.1,1.0,1.0
946,3.1,4.1,3.0,3.1,9.0,1.0
1276,3.5,4.1,4.1,5.0,9.0,4.0
746,3.0,1.2,3.9,3.0,3.0,1.0
2279,4.3,4.1,4.0,3.1,9.0,2.0
1570,3.5,3.1,4.0,4.0,8.0,1.0
7354,2.6,1.0,3.1,1.1,1.0,1.0
157,4.3,4.1,4.0,4.1,9.0,1.0
1709,2.9,2.9,4.0,2.0,1.0,1.0
1844,2.5,1.2,3.0,4.0,1.0,1.0
4986,4.2,4.1,3.0,5.0,9.0,3.0
1984,3.1,3.0,3.9,2.1,3.0,1.0
16903,3.2,4.0,3.0,5.0,9.0,3.0
2679,4.3,4.0,5.0,5.0,9.0,1.0
90,3.4,3.0,4.0,2.0,2.0,1.0
18238,4.0,4.0,2.0,4.9,9.0,2.0
2380,3.6,4.1,4.1,4.0,8.0,3.0
1552,2.7,1.2,3.0,3.9,1.0,1.0
16762,4.2,4.0,3.0,4.9,9.0,1.0
2933,3.7,3.1,3.0,4.0,9.0,1.0
2306,3.1,1.2,2.0,4.0,2.0,1.0
1128,2.6,1.1,4.0,4.1,2.0,1.0
2398,3.0,2.9,3.0,2.0,1.0,1.0
499,3.5,3.0,3.9,4.0,3.0,1.0
2189,3.5,3.0,4.1,4.1,4.0,1.0
2004,3.5,1.0,2.0,4.1,3.0,1.0
7499,4.0,4.0,4.0,3.0,8.0,1.0
3006,4.6,4.0,4.0,5.0,6.0,5.0
1340,3.2,2.9,4.0,4.0,5.0,1.0
386,4.4,4.1,3.0,5.0,9.0,4.0
725,3.9,4.1,4.0,4.0,9.0,1.0
1025,3.6,3.0,4.0,4.0,5.0,1.0
1640,4.4,4.0,4.0,5.0,9.0,5.0
589,3.7,3.9,4.0,2.1,6.0,1.0
7211,2.7,1.2,4.0,2.0,1.0,1.0
1689,4.0,2.9,4.0,4.0,6.0,1.0
2461,3.3,3.0,3.1,4.0,5.0,1.0
27,3.2,3.0,4.1,2.1,9.0,1.0
133,3.4,3.0,4.0,1.9,7.0,1.0
331,3.5,4.1,4.0,5.0,9.0,1.0
1520,3.4,3.0,4.0,2.9,3.0,1.0
1556,2.7,1.2,4.0,1.0,3.0,1.0
613,3.0,3.0,2.9,1.0,5.0,1.0
17095,2.9,1.2,4.0,2.9,4.0,1.0
1020,3.7,3.0,4.0,4.1,9.0,1.0
1892,3.5,3.1,4.0,2.1,5.0,1.0
5249,3.2,3.0,4.1,3.0,3.0,1.0
1934,2.6,1.2,4.0,4.1,1.0,1.0
2417,2.7,1.2,4.0,2.0,4.0,1.0
6991,3.8,3.0,3.9,4.0,6.0,1.0
578,2.7,1.2,4.0,2.0,1.0,1.0
3164,3.3,3.0,3.1,4.0,9.0,1.0
2285,3.1,3.0,3.1,1.0,9.0,1.0
16172,3.4,1.0,4.0,4.1,2.0,1.0
1833,2.8,3.0,3.0,2.0,5.0,1.0
516,2.6,1.0,4.0,2.9,1.0,2.0
1836,3.9,4.0,4.0,2.0,9.0,1.0
1106,3.7,3.1,3.9,3.0,9.0,1.0
2971,4.1,4.0,4.0,4.0,9.0,1.0
60,3.1,1.2,4.0,4.0,5.0,1.0
6386,3.6,3.0,3.0,4.0,3.0,2.0
1160,3.4,3.0,3.0,1.0,6.0,1.0
1478,3.8,4.1,4.0,4.0,9.0,1.0
2792,4.5,4.1,3.0,5.0,9.0,4.0
2993,3.2,3.0,3.0,2.1,9.0,1.0
3184,3.3,3.0,4.0,2.0,9.0,1.0
5048,3.9,3.1,2.9,5.0,9.0,2.0
1069,2.6,1.2,4.0,2.0,9.0,1.0
18276,3.7,4.1,3.0,4.0,9.0,2.0
6611,2.7,1.1,3.0,2.0,2.0,1.0
3058,3.3,3.0,4.0,1.0,9.0,1.0
3009,3.8,3.0,2.0,4.0,5.0,1.0
17185,3.4,2.9,4.0,4.0,2.0,1.0
1385,3.6,3.0,5.0,5.0,4.0,5.0
1359,3.0,3.0,2.0,3.0,3.0,1.0
3152,3.1,2.9,4.0,2.1,6.0,1.0
2930,3.6,3.0,3.0,2.1,6.0,1.0
5981,3.6,3.0,1.1,4.0,9.0,1.0
1914,3.9,4.0,4.0,2.0,8.0,1.0
1061,3.5,3.0,4.0,4.0,6.0,1.0
2281,3.3,1.0,4.0,4.1,2.0,2.0
2892,4.3,4.0,4.1,5.0,6.0,4.0
1110,2.9,1.1,4.0,4.9,3.0,1.0
2875,2.5,1.2,3.9,4.0,6.0,1.0
2066,2.9,1.0,4.1,3.1,2.0,1.0
567,3.9,3.0,4.9,4.0,3.0,2.0
1904,3.6,2.9,3.0,4.0,2.0,1.0
7381,2.9,1.1,1.0,3.1,3.0,1.0
15215,3.2,4.0,1.9,4.1,9.0,1.0
92,2.9,1.1,4.0,4.0,4.0,1.0
1874,4.5,5.0,4.0,2.0,9.0,1.0
4990,4.1,4.1,2.9,5.0,9.0,2.0
828,,,,,,
2350,3.6,4.0,3.1,4.0,7.0,1.0
543,4.0,3.0,3.1,5.0,9.0,2.0
1318,4.6,4.0,4.0,5.0,9.0,5.0
100,4.3,3.0,4.0,4.9,3.0,1.0
2385,3.6,2.9,4.0,3.0,2.0,1.0
7291,3.5,3.1,1.9,3.0,9.0,1.0
1462,4.0,3.9,2.1,4.9,9.0,1.0
16888,2.7,1.0,4.0,2.9,3.0,1.0
4920,3.3,4.1,3.0,4.9,9.0,3.0
7233,3.3,2.9,2.9,2.0,1.0,1.0
15413,4.0,4.0,4.0,5.0,3.0,1.0
1432,3.0,3.0,4.0,4.1,3.0,2.0
2110,3.2,1.1,4.1,2.0,2.0,1.0
1912,2.6,1.2,3.9,2.0,6.0,1.0
17108,2.4,1.2,4.0,3.0,2.0,1.0
1841,3.2,2.9,3.0,4.0,9.0,1.0
2178,4.0,3.0,4.0,4.0,5.0,1.0
6401,4.2,4.0,3.0,5.0,9.0,4.0
3023,2.5,1.2,2.0,4.0,9.0,1.0
374,3.5,3.0,4.0,2.0,5.0,1.0
5372,3.2,1.1,5.0,4.0,9.0,1.0
5143,4.0,4.0,3.0,4.9,9.0,1.0
1070,2.6,1.2,4.0,2.0,9.0,1.0
1243,3.7,4.0,3.1,2.9,9.0,3.0
2155,4.1,4.1,3.0,5.0,9.0,5.0
3374,4.2,4.1,3.0,5.0,9.0,5.0
370,4.5,4.1,3.0,5.0,9.0,4.0
5590,3.8,3.0,3.9,5.0,9.0,2.0
1684,3.6,3.0,4.0,2.1,6.0,1.0
2071,4.3,4.0,3.1,4.9,9.0,3.0
2109,4.0,3.0,4.9,4.0,9.0,1.0
588,3.6,3.9,4.0,2.1,6.0,1.0
685,2.5,1.1,3.0,1.1,5.0,1.0
919,3.0,1.2,4.0,3.0,3.0,1.0
6875,3.2,3.0,4.0,2.1,3.0,1.0
1924,2.9,3.1,3.9,2.1,9.0,1.0
2807,4.4,4.1,3.0,4.1,9.0,3.0
1458,3.8,3.0,5.0,3.0,7.0,3.0
3424,4.0,4.1,3.9,2.0,8.0,1.0
2486,3.1,1.2,3.1,3.0,1.0,1.0
1922,3.3,4.1,4.0,5.0,9.0,4.0
7200,2.6,2.9,4.0,2.0,1.0,1.0
2333,2.9,1.2,4.1,4.9,4.0,1.0
3092,3.6,4.0,3.0,4.0,9.0,1.0
1728,2.9,1.1,4.0,4.1,2.0,1.0
18262,3.4,4.0,3.0,4.0,9.0,1.0
2465,3.4,4.0,2.0,4.0,9.0,1.0
736,3.9,4.0,4.0,5.0,9.0,4.0
5799,3.0,4.0,2.1,4.0,9.0,1.0
1384,3.4,3.0,4.0,4.0,9.0,1.0
2142,3.2,3.0,3.1,2.0,2.0,1.0
508,3.8,3.0,4.1,2.0,8.0,1.0
410,4.1,4.0,4.0,4.0,9.0,1.0
399,3.6,3.1,4.0,4.9,9.0,2.0
1172,3.1,4.0,3.9,2.9,9.0,1.0
5295,2.9,3.0,2.0,2.0,3.0,4.0
6051,3.3,1.2,3.0,4.1,3.0,1.0
5364,3.2,3.0,4.0,5.0,9.0,2.0
1688,4.0,2.9,4.0,4.1,2.0,1.0
1953,3.6,3.0,4.0,4.0,9.0,1.0
1783,3.9,4.0,4.0,3.0,9.0,1.0
3193,4.4,4.0,5.0,5.0,8.0,1.0
3026,3.3,3.0,3.9,3.0,6.0,1.0
1130,4.2,4.0,4.0,2.9,9.0,1.0
5284,3.8,4.0,3.1,4.0,3.0,1.0
3119,3.5,3.1,4.0,4.0,9.0,1.0
3413,2.9,1.1,4.0,1.0,1.0,1.0
4981,4.2,4.0,3.0,5.0,6.0,3.0
6842,3.2,3.0,4.0,2.0,3.0,1.0
1759,2.8,1.0,4.0,4.1,1.0,1.0
113,3.2,1.2,4.9,4.9,3.0,1.0
2443,3.2,1.2,3.0,4.0,2.0,1.0
2171,3.2,1.1,4.0,4.0,3.0,1.0
619,2.3,1.2,3.0,2.0,5.0,1.0
754,3.6,3.0,4.0,4.0,3.0,1.0
2075,3.0,1.2,4.0,2.0,4.0,1.0
1387,3.5,3.0,3.1,2.0,4.0,1.0
16924,3.2,4.0,3.0,5.0,9.0,2.0
4859,3.3,4.0,3.0,3.0,9.0,2.0
2256,4.1,3.0,4.0,4.0,9.0,1.0
171,2.8,2.9,3.1,4.0,5.0,1.0
6245,3.0,1.0,4.0,5.0,3.0,1.0
548,3.5,3.0,2.9,4.0,3.0,1.0
1442,3.4,1.2,4.0,2.0,9.0,1.0
5339,3.9,4.0,3.0,5.0,9.0,4.0
1197,2.7,1.2,3.0,1.9,,1.0
16595,3.2,3.0,4.1,3.1,3.0,1.0
3196,4.2,4.0,4.1,4.0,9.0,1.0
16257,3.2,4.0,4.0,4.0,9.0,1.0
1983,3.1,3.0,3.9,2.0,3.0,1.0
1031,3.0,1.0,3.1,2.0,2.0,1.0
5467,4.0,4.0,2.0,4.0,9.0,1.0
918,3.4,2.9,4.0,2.9,5.0,1.0
388,3.9,4.0,3.0,1.9,8.0,1.0
3313,3.3,3.0,3.1,1.1,9.0,1.0
18256,2.4,1.2,3.0,2.0,4.0,1.0
2915,4.0,4.1,4.0,3.9,8.0,1.0
17059,3.7,4.0,4.0,4.0,9.0,4.0
1656,2.5,1.2,2.0,4.0,5.0,1.0
1715,3.7,3.9,4.0,2.9,7.0,1.0
2148,2.8,1.2,4.0,1.0,4.0,1.0
3402,3.3,4.0,4.9,4.0,9.0,1.0
325,4.4,5.0,3.1,1.0,9.0,1.0
594,3.7,3.9,4.0,2.1,5.0,1.0
1122,4.3,4.0,4.9,4.1,3.0,1.0
1017,2.4,1.1,3.0,1.0,2.0,1.0
2330,3.1,3.0,4.0,4.0,6.0,1.0
2325,3.0,3.0,4.0,2.0,9.0,1.0
2236,3.4,3.0,5.0,4.0,1.0,1.0
7164,3.3,3.0,2.9,3.9,5.0,1.0
1534,3.8,3.1,4.1,4.0,9.0,1.0
6602,2.7,1.1,3.0,2.0,4.0,1.0
1419,3.3,4.0,4.0,4.0,5.0,1.0
2854,4.3,4.1,4.0,5.0,9.0,5.0
1754,2.8,1.0,4.1,4.1,1.0,1.0
1742,3.4,1.2,4.0,4.0,3.0,1.0
2386,4.0,4.1,3.9,3.0,9.0,1.0
7486,3.1,4.0,4.0,3.1,8.0,1.0
668,3.6,4.0,4.0,5.0,9.0,1.0
210,3.1,3.0,4.1,3.0,2.0,1.0
1114,2.9,3.0,2.1,2.0,4.0,1.0
1502,3.3,3.0,4.0,2.0,6.0,1.0
2170,3.3,3.0,3.0,4.0,4.0,1.0
566,3.9,3.0,4.9,4.0,3.0,2.0
5717,3.6,4.0,3.9,2.0,9.0,1.0
1229,2.7,1.2,4.0,2.9,5.0,1.0
3161,3.4,4.1,4.1,3.0,8.0,1.0
466,2.9,1.2,3.9,4.9,6.0,3.0
5711,4.1,4.1,3.0,5.0,9.0,2.0
1753,2.8,1.0,4.1,4.0,1.0,1.0
2478,3.0,1.1,3.1,3.0,2.0,1.0
2157,3.5,3.1,4.1,4.0,9.0,2.0
2205,2.5,1.2,3.9,4.0,1.0,1.0
1824,3.5,3.0,4.0,4.1,5.0,2.0
791,3.6,3.0,5.0,4.1,3.0,1.0
1382,3.5,3.0,4.0,4.0,9.0,1.0
2270,3.7,4.0,5.0,5.0,9.0,1.0
6303,3.1,4.0,3.0,3.0,9.0,3.0
3137,4.1,4.0,4.0,5.0,9.0,3.0
2893,3.8,4.0,4.0,5.0,5.0,3.0
5481,4.2,4.1,3.0,5.0,9.0,2.0
2059,3.3,3.0,3.0,1.1,9.0,1.0
2920,3.7,4.1,5.0,5.0,9.0,4.0
2456,3.0,4.0,3.0,4.0,6.0,1.0
1519,3.5,2.9,4.0,3.9,2.0,1.0
395,3.7,4.1,3.9,3.0,9.0,1.0
2303,3.0,1.2,2.0,4.0,2.0,1.0
1358,2.8,1.2,3.0,4.0,3.0,1.0
2393,3.2,4.0,3.9,4.0,8.0,3.0
5803,2.9,2.1,4.0,1.0,6.0,1.0
2208,3.1,1.1,3.9,4.1,2.0,1.0
1718,3.8,3.9,4.0,2.9,7.0,1.0
647,3.7,3.1,4.0,4.0,9.0,1.0
7376,2.6,1.1,1.0,2.1,1.0,1.0
1839,2.2,1.1,3.0,4.0,1.0,1.0
3052,3.3,4.0,5.0,4.9,9.0,4.0
5574,2.2,1.1,3.0,1.0,1.0,1.0
7476,3.4,4.0,5.0,4.0,9.0,1.0
17732,2.2,1.2,3.9,2.9,5.0,1.0
3358,2.7,1.2,4.0,3.0,,1.0
1268,3.2,4.0,3.9,4.0,9.0,1.0
5308,2.9,1.6,5.0,4.0,9.0,1.0
2230,3.7,2.9,4.0,4.0,9.0,1.0
962,2.9,4.0,3.0,1.0,7.0,1.0
15915,3.5,3.0,4.0,4.1,5.0,1.0
5611,2.7,1.1,4.1,4.0,1.0,1.0
6624,2.7,1.2,3.0,2.0,6.0,1.0
1196,2.2,1.2,3.0,2.0,,1.0
1434,2.6,1.1,3.0,3.0,1.0,1.0
2926,3.6,4.0,4.0,5.0,9.0,5.0
3367,3.8,3.0,4.0,5.0,9.0,5.0
740,3.7,4.0,3.1,2.0,9.0,1.0
173,2.9,1.2,3.0,4.0,3.0,1.0
5726,3.0,1.2,4.0,4.0,2.0,1.0
2129,3.4,2.9,4.9,5.0,3.0,1.0
482,3.3,1.2,4.1,3.0,2.0,1.0
507,3.2,3.0,3.0,2.1,5.0,1.0
921,3.4,3.0,4.0,3.0,9.0,1.0
6902,3.6,4.0,4.0,3.0,9.0,1.0
82,3.4,3.0,3.0,4.1,9.0,1.0
670,3.3,3.0,3.9,1.0,4.0,1.0
1342,2.7,1.2,4.0,4.0,2.0,1.0
1440,4.0,4.0,4.0,4.1,9.0,1.0
794,3.2,3.0,4.9,4.0,9.0,2.0
1941,2.6,3.0,4.0,2.0,3.0,1.0
1304,3.6,4.0,4.0,5.0,9.0,5.0
1198,3.1,2.9,3.0,1.9,6.0,1.0
2238,4.2,4.0,5.0,4.1,9.0,1.0
5093,3.8,4.1,2.9,3.0,9.0,2.0
1674,2.8,1.2,4.0,2.1,5.0,1.0
635,3.7,3.0,4.0,3.1,3.0,1.0
602,3.0,3.0,3.0,2.0,6.0,1.0
2833,4.7,4.1,4.0,5.0,9.0,5.0
283,3.1,3.0,3.0,4.0,6.0,1.0
17197,3.5,1.1,4.1,4.9,3.0,1.0
1383,3.5,2.9,4.0,4.0,6.0,1.0
1141,4.1,4.0,4.9,4.0,9.0,2.0
1792,2.9,4.0,3.1,1.9,9.0,1.0
412,3.7,3.1,4.0,2.0,7.0,1.0
373,4.0,4.1,3.9,4.0,9.0,4.0
2060,3.3,3.0,3.0,1.1,9.0,1.0
1755,2.8,1.0,4.0,4.1,1.0,1.0
2356,4.0,4.0,4.0,4.9,8.0,1.0
816,3.0,3.0,4.0,3.0,9.0,1.0
669,3.1,1.2,4.0,4.0,2.0,1.0
18196,3.2,1.2,2.0,4.0,3.0,1.0
17989,4.2,4.0,3.0,5.0,9.0,2.0
3014,2.9,3.0,4.0,3.0,2.0,1.0
18250,3.5,3.0,2.0,4.0,3.0,1.0
5251,3.6,3.0,4.1,3.0,3.0,1.0
1991,3.8,3.0,4.0,4.9,5.0,1.0
1185,3.8,3.0,4.9,4.9,9.0,1.0
1951,3.4,3.0,3.9,4.0,9.0,1.0
1431,4.0,4.0,3.0,5.0,9.0,5.0
1751,2.9,1.2,3.9,2.9,1.0,1.0
3278,4.2,4.1,4.0,4.0,8.0,1.0
2918,2.9,1.2,4.0,3.0,2.0,1.0
3455,4.1,4.1,3.9,2.9,6.0,1.0
5065,2.5,1.1,3.0,1.9,1.0,1.0
3113,3.3,3.0,3.9,1.0,5.0,1.0
5316,4.0,4.1,3.0,5.0,9.0,1.0
1188,3.5,3.1,3.1,2.9,7.0,1.0
1326,4.6,4.1,3.0,4.9,9.0,3.0
5475,4.2,4.0,3.0,4.9,9.0,1.0
1716,3.5,3.0,4.0,3.0,1.0,1.0
5736,3.6,3.9,1.9,4.0,9.0,1.0
2373,3.2,2.1,4.0,4.0,,1.0
1657,3.0,3.0,2.0,3.0,3.0,1.0
1587,2.3,1.1,3.0,2.0,1.0,1.0
1735,2.7,1.1,4.1,4.0,1.0,1.0
16107,3.1,1.1,4.9,4.0,3.0,4.0
2210,4.1,3.9,4.0,3.0,8.0,1.0
974,2.7,3.0,3.0,1.0,6.0,1.0
1004,3.8,4.1,3.1,3.0,9.0,1.0
757,3.6,3.0,4.1,4.0,9.0,1.0
6018,2.7,1.2,3.9,3.0,2.0,1.0
5218,3.9,2.9,3.0,5.0,9.0,1.0
1549,3.2,1.2,4.0,2.0,3.0,1.0
5664,4.4,4.0,4.9,5.0,9.0,3.0
7198,3.3,3.0,4.0,2.0,9.0,1.0
16300,3.3,3.0,3.1,3.0,9.0,1.0
2351,4.0,4.0,4.0,4.0,9.0,1.0
2070,3.0,1.2,2.0,2.0,5.0,1.0
250,4.2,4.1,4.0,4.0,9.0,2.0
2020,2.8,1.2,4.0,2.0,3.0,4.0
1787,3.5,4.0,3.0,1.9,6.0,1.0
5813,4.4,5.0,3.0,1.0,8.0,1.0
5151,3.5,4.0,3.0,5.0,9.0,2.0
5445,4.1,4.0,3.0,5.0,7.0,2.0
17720,2.8,1.1,4.0,1.0,1.0,1.0
6605,2.9,1.1,3.0,2.0,4.0,1.0
48,3.2,3.9,4.0,4.9,6.0,1.0
1247,3.2,3.0,3.0,2.1,9.0,1.0
17192,3.6,2.9,4.1,4.0,4.0,1.0
5877,3.9,4.0,3.0,3.0,9.0,4.0
560,3.7,4.0,4.0,3.9,6.0,1.0
2082,2.7,3.0,4.0,1.0,3.0,1.0
5385,4.1,4.0,3.0,4.0,5.0,1.0
572,4.0,4.0,4.9,4.0,9.0,1.0
2268,4.2,4.1,4.0,3.0,9.0,1.0
6635,2.6,1.2,3.0,2.0,3.0,1.0
164,3.0,1.0,4.0,3.0,2.0,1.0
3185,3.6,4.1,5.0,4.9,9.0,2.0
850,2.5,1.1,3.0,2.1,3.0,1.0
1008,2.3,1.2,4.0,2.0,2.0,1.0
1847,3.9,4.2,4.0,5.0,9.0,2.0
2886,4.0,4.0,4.9,5.0,8.0,4.0
6809,4.1,4.1,3.0,5.0,9.0,2.0
1328,4.1,3.0,4.0,5.0,9.0,3.0
16362,3.8,3.0,2.0,5.0,9.0,1.0
3265,4.0,4.1,3.9,2.0,9.0,1.0
459,4.3,4.0,5.0,5.0,9.0,4.0
3354,4.3,4.0,4.1,5.0,9.0,3.0
2401,2.9,3.0,3.0,2.0,9.0,1.0
15110,3.9,4.1,3.0,3.0,9.0,1.0
846,3.5,1.2,4.0,4.9,2.0,1.0
656,2.8,3.0,3.1,1.0,3.0,1.0
6315,3.0,3.1,4.0,4.1,9.0,2.0
1193,2.5,1.1,3.0,2.0,2.0,1.0
1791,2.8,4.0,3.1,1.1,9.0,1.0
5974,3.6,3.0,2.0,4.0,9.0,1.0
18278,3.0,4.0,3.0,1.0,9.0,1.0
1081,3.4,2.9,4.1,4.0,3.0,1.0
1604,2.7,1.1,3.0,2.1,2.0,1.0
401,3.2,3.0,4.0,2.0,9.0,1.0
5257,3.1,1.0,1.9,4.1,1.0,1.0
1105,3.8,4.2,3.0,4.0,9.0,1.0
131,3.5,3.0,4.0,4.0,5.0,1.0
808,2.6,1.2,4.0,4.0,5.0,1.0
1320,4.3,4.0,5.0,5.0,9.0,3.0
2169,3.2,3.0,3.0,4.0,4.0,1.0
6107,3.8,4.0,2.0,4.0,9.0,1.0
2934,4.5,4.0,3.1,5.0,3.0,2.0
931,3.0,1.0,4.0,4.0,2.0,1.0
16348,3.8,3.0,2.0,5.0,9.0,1.0
3376,3.2,3.1,4.0,4.0,4.0,1.0
3260,3.4,4.0,4.0,5.0,9.0,2.0
1291,4.0,3.1,3.0,5.0,9.0,3.0
2098,3.9,4.0,3.0,4.9,3.0,1.0
115,,,,,,
1327,4.3,4.1,4.1,5.0,9.0,3.0
2990,2.6,1.2,3.0,3.0,5.0,1.0
1441,3.5,3.0,3.1,4.0,9.0,1.0
1877,4.4,5.0,4.0,2.0,9.0,1.0
2324,3.5,3.0,4.9,4.0,9.0,1.0
2068,4.1,4.0,4.0,5.0,9.0,5.0
4938,4.2,4.1,3.0,5.0,9.0,3.0
1010,2.5,1.2,3.0,1.0,1.0,1.0
2797,3.9,4.1,4.9,2.0,9.0,1.0
5265,2.6,1.0,2.0,4.9,3.0,1.0
2791,3.5,4.1,4.0,5.0,9.0,5.0
2803,3.5,3.1,4.0,2.0,6.0,1.0
366,3.7,4.1,3.9,3.0,9.0,3.0
950,3.3,3.0,3.1,2.0,9.0,1.0
2073,4.1,4.0,3.9,4.9,9.0,1.0
1693,4.0,4.1,4.0,4.0,9.0,1.0
7226,3.4,3.0,4.0,2.0,9.0,1.0
1260,4.0,3.0,4.0,5.0,3.0,3.0
15978,3.5,1.1,4.0,5.0,1.0,1.0
709,4.4,4.1,4.0,4.1,9.0,1.0
2086,3.9,3.9,4.0,3.0,7.0,1.0
141,3.4,4.0,4.0,2.0,7.0,1.0
2894,4.6,4.1,4.0,5.0,9.0,5.0
1744,3.0,3.0,4.0,4.0,3.0,1.0
904,3.2,3.1,2.1,4.0,9.0,1.0
719,4.0,3.1,4.0,4.0,9.0,1.0
2985,4.4,4.0,4.9,5.0,9.0,2.0
18215,4.1,4.0,4.0,5.0,9.0,2.0
1072,3.4,2.9,4.0,2.0,1.0,1.0
1652,3.6,4.1,3.1,3.0,9.0,1.0
3255,2.7,1.2,4.0,2.0,1.0,1.0
1770,3.1,3.1,3.0,4.0,8.0,1.0
2006,3.0,3.0,2.0,3.0,5.0,1.0
2895,3.8,4.0,4.0,4.0,1.0,2.0
3338,3.5,3.0,4.0,4.0,1.0,1.0
1881,3.3,3.0,4.0,4.1,9.0,1.0
5031,3.8,3.1,2.9,5.0,9.0,2.0
371,4.1,4.1,3.0,2.9,8.0,1.0
1161,3.4,3.0,3.0,1.0,6.0,1.0
1609,3.4,4.0,4.0,5.0,9.0,1.0
2253,3.3,1.2,4.0,4.0,3.0,1.0
967,2.6,3.0,3.0,1.0,6.0,1.0
17170,2.7,1.2,4.0,3.0,9.0,1.0
1831,4.3,4.1,3.0,5.0,8.0,4.0
15332,3.5,4.1,2.9,4.9,9.0,2.0
584,3.6,3.9,4.0,2.9,5.0,1.0
1982,4.2,3.0,4.0,4.9,9.0,1.0
16219,3.2,4.0,4.0,4.0,9.0,2.0
7331,2.8,1.1,3.0,2.0,2.0,1.0
1289,3.2,4.0,4.9,4.1,9.0,2.0
7371,2.8,1.0,3.0,2.0,1.0,1.0
6486,3.8,4.0,2.0,4.1,9.0,1.0
5116,4.3,4.0,4.0,5.0,9.0,2.0
2000,3.2,1.2,4.1,4.1,1.0,1.0
2103,3.4,2.9,3.0,2.0,2.0,1.0
915,3.4,2.9,4.0,2.9,5.0,1.0
5275,3.1,1.0,1.9,4.1,1.0,1.0
500,3.7,3.0,3.9,4.0,3.0,1.0
5198,3.5,3.0,3.9,2.0,9.0,1.0
2442,2.9,1.1,3.1,4.0,1.0,1.0
793,3.5,3.0,5.0,4.1,3.0,1.0
1939,3.6,3.0,4.0,4.0,6.0,1.0
612,3.3,3.0,3.9,3.0,6.0,1.0
2182,3.2,4.0,3.1,5.0,9.0,3.0
16970,3.8,3.0,4.0,2.0,2.0,1.0
17176,2.8,1.2,4.0,3.0,1.0,1.0
7487,4.0,4.0,4.0,3.0,8.0,1.0
1513,3.2,3.0,4.0,3.0,6.0,1.0
841,3.8,4.0,3.1,4.0,9.0,1.0
1354,2.6,1.2,4.0,4.0,1.0,1.0
16322,4.2,4.1,3.0,5.0,9.0,3.0
3270,4.2,4.1,3.9,2.0,8.0,1.0
997,3.0,4.0,3.1,2.0,9.0,1.0
1084,2.4,3.0,3.1,1.0,6.0,1.0
660,3.7,4.0,4.1,2.1,5.0,1.0
1569,3.5,3.1,4.0,4.0,8.0,1.0
5238,3.7,3.1,3.0,5.0,9.0,1.0
636,3.8,3.9,4.0,3.1,7.0,1.0
1807,2.8,1.2,2.0,4.0,1.0,1.0
541,3.9,3.0,3.1,5.0,9.0,2.0
2340,4.1,4.1,3.0,5.0,9.0,2.0
2165,3.3,3.0,3.0,1.1,2.0,1.0
6563,3.6,3.1,1.9,3.9,9.0,1.0
16689,3.5,3.0,2.0,4.0,4.0,1.0
1821,3.4,3.0,2.0,3.0,4.0,1.0
1859,3.9,4.0,2.9,4.0,9.0,1.0
17930,3.5,2.9,3.9,4.0,5.0,2.0
7492,4.0,4.0,4.0,3.0,8.0,1.0
458,3.6,3.1,3.9,3.0,9.0,1.0
5220,3.9,2.9,3.1,5.0,9.0,2.0
2115,3.3,1.1,3.1,4.0,3.0,1.0
561,3.7,4.0,4.0,3.9,6.0,1.0
16709,3.6,3.0,2.0,3.9,4.0,1.0
17157,2.5,1.2,3.1,3.0,9.0,1.0
2912,4.2,4.0,4.0,4.9,9.0,2.0
15906,3.4,3.0,4.0,4.1,5.0,1.0
4982,3.5,4.1,3.0,5.0,9.0,5.0
2052,3.4,3.0,4.0,4.0,9.0,1.0
1785,3.0,3.0,3.1,1.1,3.0,1.0
16,3.9,3.9,4.9,4.0,3.0,1.0
180,2.9,1.2,4.0,5.0,1.0,1.0
514,2.7,1.1,4.0,3.0,2.0,1.0
5967,3.6,3.0,2.0,4.0,9.0,1.0
671,3.4,3.0,3.9,1.0,4.0,1.0
2338,4.6,5.0,4.9,4.0,4.0,4.0
2255,3.5,1.1,4.9,4.0,1.0,1.0
5462,3.7,4.0,4.0,3.9,8.0,1.0
958,2.7,4.0,3.0,1.0,7.0,1.0
2298,3.7,3.1,3.9,4.0,9.0,1.0
833,2.9,1.2,4.0,4.0,4.0,1.0
3405,3.0,3.0,3.0,5.0,6.0,2.0
7463,2.7,1.0,3.0,2.0,4.0,1.0
1322,2.6,3.0,2.0,4.0,3.0,3.0
1249,3.2,3.0,3.0,2.1,9.0,1.0
2479,3.3,3.0,4.0,2.0,2.0,1.0
577,2.7,1.2,4.0,2.0,2.0,1.0
263,4.0,4.1,4.0,4.1,9.0,2.0
1764,4.2,4.1,4.0,4.1,9.0,3.0
1628,3.4,2.9,4.0,4.0,3.0,1.0
6041,3.4,1.1,4.9,5.0,3.0,1.0
18263,3.7,4.0,3.0,2.0,9.0,1.0
1111,2.9,3.0,2.1,1.9,4.0,1.0
1581,2.4,1.2,3.1,2.0,2.0,1.0
17158,2.7,1.2,4.0,3.0,9.0,1.0
5993,3.6,3.0,1.1,4.0,9.0,1.0
5654,3.6,3.0,3.0,4.1,9.0,1.0
7250,3.3,2.9,3.0,3.1,1.0,1.0
837,3.2,3.0,3.1,2.0,3.0,1.0
3197,4.2,4.1,4.0,4.0,8.0,1.0
509,3.8,3.0,4.1,2.0,8.0,1.0
4935,3.9,4.0,2.0,4.9,9.0,2.0
1539,3.2,2.9,3.0,3.0,9.0,1.0
1800,3.2,3.0,3.1,1.0,8.0,1.0
172,3.0,2.9,3.0,4.0,5.0,1.0
2831,4.2,4.0,4.0,5.0,9.0,4.0
16346,3.8,3.0,2.0,5.0,9.0,1.0
18251,3.7,3.9,2.0,4.0,9.0,1.0
2290,4.2,4.1,4.1,5.0,9.0,1.0
17101,3.6,3.0,4.0,3.1,3.0,1.0
2093,3.1,1.1,4.9,4.0,6.0,1.0
5734,3.9,4.0,2.9,5.0,9.0,1.0
5332,3.4,3.9,3.0,4.1,9.0,3.0
1255,3.0,1.2,4.0,2.0,2.0,2.0
2037,3.8,3.0,4.1,4.0,2.0,1.0
364,2.8,1.2,4.0,3.0,9.0,1.0
2166,3.3,3.0,3.0,1.1,5.0,1.0
1752,2.9,1.2,4.0,3.0,1.0,1.0
2263,4.3,4.1,4.0,4.1,9.0,1.0
16731,3.8,4.0,2.0,4.0,9.0,1.0
720,3.0,1.2,4.0,2.0,2.0,1.0
5741,3.8,4.1,5.0,3.0,9.0,1.0
936,3.0,1.2,4.0,4.0,9.0,1.0
557,3.3,3.0,4.0,2.0,3.0,1.0
3415,2.8,1.2,4.0,1.0,3.0,1.0
2906,3.5,3.1,5.0,4.0,9.0,1.0
6802,4.1,4.1,3.0,5.0,9.0,2.0
2383,3.9,4.1,4.0,5.0,9.0,2.0
204,3.2,3.0,3.9,1.9,2.0,1.0
900,2.3,1.0,3.0,2.0,3.0,1.0
1183,2.8,1.2,4.0,4.0,3.0,1.0
6822,4.1,4.1,3.0,5.0,9.0,2.0
335,3.7,4.0,3.1,2.0,9.0,1.0
17163,2.8,1.2,4.0,4.0,1.0,1.0
3445,4.2,4.1,4.0,2.1,9.0,1.0
2136,3.6,3.0,3.1,4.0,9.0,1.0
17738,2.2,1.2,3.9,3.0,5.0,1.0
479,3.2,3.0,3.0,2.1,7.0,1.0
4961,4.0,4.0,2.9,4.9,9.0,4.0
968,2.6,3.0,3.0,1.0,6.0,1.0
421,3.6,3.1,4.0,2.9,8.0,1.0
2475,2.3,3.0,3.0,2.1,3.0,1.0
464,3.6,3.0,4.0,4.0,9.0,1.0
471,3.5,3.0,4.0,2.0,3.0,1.0
943,3.4,4.1,3.0,3.0,9.0,3.0
1129,3.9,4.1,2.1,4.0,9.0,1.0
2982,3.9,4.0,4.0,5.0,9.0,5.0
16701,3.6,3.0,2.0,3.9,4.0,1.0
17007,3.7,4.0,4.0,3.0,9.0,1.0
5789,2.3,1.2,3.1,4.0,1.0,1.0
1464,2.7,1.1,3.0,1.0,3.0,1.0
451,3.9,4.1,3.1,2.0,9.0,1.0
17169,2.8,1.2,3.9,2.9,9.0,1.0
2873,2.4,1.2,3.9,4.0,1.0,1.0
2259,3.7,4.0,4.0,5.0,9.0,2.0
16551,3.0,3.1,1.1,2.1,8.0,1.0
972,2.7,3.0,3.0,1.0,6.0,1.0
3427,4.0,4.1,3.9,2.0,8.0,2.0
15266,3.6,4.1,3.0,4.9,9.0,1.0
5136,4.2,4.0,3.0,5.0,9.0,1.0
161,3.6,3.0,3.9,3.9,4.0,1.0
5187,3.2,3.1,2.9,4.0,9.0,1.0
1449,2.6,1.2,3.0,3.9,1.0,1.0
7401,2.6,1.1,1.0,2.1,1.0,1.0
3254,2.7,1.2,4.0,2.0,1.0,1.0
753,3.6,3.0,4.0,4.0,9.0,1.0
3147,4.2,4.1,4.0,5.0,9.0,3.0
1325,4.2,4.0,5.0,5.0,8.0,2.0
1725,3.1,1.1,4.0,4.9,3.0,1.0
1148,2.6,1.1,4.0,2.1,,1.0
2128,3.4,3.1,4.0,4.0,9.0,3.0
7256,3.2,2.9,3.0,2.9,1.0,1.0
519,4.2,4.0,4.0,5.0,7.0,1.0
16336,4.2,4.1,3.0,5.0,9.0,3.0
3127,3.1,1.2,4.1,2.0,3.0,1.0
1323,3.6,3.0,5.0,5.0,3.0,4.0
2041,3.5,4.1,3.0,3.1,5.0,1.0
2361,2.3,1.1,3.0,1.0,3.0,2.0
638,3.7,3.0,4.0,3.1,3.0,1.0
17037,3.4,3.0,4.0,3.1,3.0,1.0
2896,4.5,4.1,4.0,5.0,8.0,5.0
1063,2.3,1.2,3.0,2.0,2.0,1.0
2519,3.4,4.0,4.0,2.0,5.0,1.0
1811,2.5,1.0,4.0,3.0,2.0,1.0
1888,3.8,3.9,4.0,2.1,9.0,1.0
1115,2.4,1.2,2.9,1.9,6.0,1.0
5253,3.6,3.0,4.1,3.0,3.0,1.0
6757,2.8,1.2,4.1,4.1,6.0,1.0
6735,3.5,3.0,3.9,4.0,4.0,5.0
17,3.9,3.9,4.9,3.0,3.0,1.0
1827,3.4,3.0,4.0,4.1,3.0,1.0
1302,2.6,1.2,4.0,5.0,3.0,3.0
2176,4.4,3.0,4.0,4.0,9.0,1.0
72,2.7,3.0,3.9,3.0,7.0,1.0
517,2.7,1.0,4.0,3.0,1.0,2.0
1897,2.4,1.2,3.0,2.0,3.0,1.0
3305,3.4,3.1,3.9,1.0,9.0,1.0
7415,2.7,1.1,1.0,2.1,1.0,1.0
934,3.0,1.0,4.0,4.0,2.0,1.0
3068,3.4,3.0,3.1,2.1,4.0,1.0
281,3.6,3.0,4.0,4.0,9.0,1.0
726,3.3,3.0,4.0,1.0,3.0,1.0
6285,4.0,4.0,4.0,5.0,3.0,1.0
2858,3.9,4.1,4.0,4.9,9.0,4.0
3429,4.6,5.0,4.0,2.0,9.0,1.0
2984,3.9,4.0,2.0,4.1,9.0,2.0
28,3.3,3.0,4.0,2.1,9.0,1.0
744,3.8,4.0,3.1,2.0,9.0,1.0
111,3.5,2.9,4.0,5.0,6.0,1.0
3315,2.8,1.2,3.0,4.0,3.0,1.0
1803,3.3,4.0,4.9,4.9,9.0,2.0
4857,3.1,4.0,3.0,3.0,9.0,5.0
3390,3.5,3.0,4.0,5.0,9.0,1.0
1561,2.7,1.2,4.0,1.0,6.0,1.0
2900,3.9,3.1,4.0,4.0,9.0,1.0
1829,3.6,4.0,1.9,3.0,9.0,2.0
3408,3.0,1.1,4.0,4.0,1.0,1.0
2264,3.7,4.0,4.0,4.1,9.0,4.0
5938,3.6,3.0,3.0,5.0,1.0,2.0
1104,3.2,4.0,4.0,3.0,8.0,3.0
6539,3.5,3.0,3.0,3.9,8.0,1.0
163,3.6,3.0,3.9,3.9,9.0,1.0
1310,4.2,4.0,3.0,5.0,9.0,4.0
15008,3.4,3.0,4.0,4.0,6.0,1.0
6195,2.7,1.2,4.0,3.1,4.0,1.0
728,2.5,3.0,4.0,1.0,6.0,1.0
1365,3.0,3.0,3.1,3.0,9.0,1.0
2986,2.7,3.0,3.9,2.1,9.0,1.0
2151,3.3,4.0,4.0,3.9,9.0,1.0
1168,3.8,4.0,4.0,1.9,9.0,1.0
1514,3.2,3.0,3.9,2.9,1.0,1.0
490,3.9,4.0,4.0,2.9,9.0,2.0
2049,3.5,1.2,3.0,4.9,1.0,1.0
2402,2.6,1.1,4.0,2.0,3.0,1.0
2292,4.0,1.5,4.0,5.0,3.0,3.0
5449,3.2,4.1,3.0,4.1,8.0,2.0
959,2.7,4.0,3.0,1.0,7.0,1.0
17180,2.9,1.2,4.0,3.9,1.0,1.0
2921,4.5,4.0,4.0,5.0,9.0,1.0
7497,3.8,4.0,4.0,3.9,7.0,1.0
664,3.1,3.0,3.1,1.0,4.0,1.0
526,4.1,4.1,4.0,4.1,9.0,2.0
356,2.8,1.1,4.0,4.0,1.0,1.0
2547,2.8,1.2,3.1,3.0,6.0,1.0
2024,3.7,4.1,3.0,4.0,9.0,1.0
6054,3.3,1.2,3.0,4.1,3.0,1.0
1085,2.9,3.0,2.0,2.0,4.0,2.0
178,2.7,1.2,3.0,3.1,2.0,1.0
3403,3.0,3.0,3.0,5.0,6.0,2.0
1295,4.2,4.0,5.0,5.0,9.0,2.0
2988,4.2,4.0,3.9,4.9,9.0,1.0
1264,4.1,4.0,5.0,5.0,9.0,2.0
2989,4.6,4.0,5.0,5.0,9.0,2.0
1782,3.9,4.1,4.0,3.0,9.0,1.0
17178,2.7,1.2,4.0,3.0,1.0,1.0
820,3.5,4.0,4.0,4.1,9.0,1.0
6297,2.9,1.0,5.0,4.9,3.0,2.0
16654,3.7,4.2,3.0,2.0,8.0,1.0
16351,3.7,3.0,2.0,5.0,9.0,1.0
2058,3.6,3.0,4.0,4.0,1.0,1.0
3126,4.3,4.0,5.0,4.1,9.0,1.0
1915,3.6,3.0,4.0,2.0,8.0,1.0
5831,2.9,1.0,2.0,4.1,3.0,1.0
14756,3.9,4.1,3.0,3.0,9.0,1.0
5097,3.8,4.0,2.1,3.0,9.0,1.0
2548,2.7,1.2,3.0,3.0,6.0,1.0
9,2.8,1.1,3.0,2.0,1.0,1.0
7384,2.5,1.1,1.0,2.1,1.0,1.0
2199,3.4,3.0,4.0,4.0,3.0,2.0
5890,3.8,3.0,2.0,5.0,8.0,1.0
1087,2.8,3.0,2.0,2.0,9.0,1.0
1283,2.9,2.9,4.9,4.9,4.0,1.0
15590,3.4,4.0,2.0,2.0,9.0,1.0
6697,3.0,1.1,3.9,4.0,1.0,1.0
5673,3.4,4.0,3.0,5.0,9.0,1.0
2793,3.5,4.1,4.0,5.0,9.0,3.0
829,2.7,1.1,3.1,2.1,2.0,1.0
2528,3.5,1.1,4.0,5.0,3.0,1.0
2485,2.8,1.1,4.0,4.0,2.0,1.0
682,3.4,3.0,3.9,1.0,5.0,1.0
1639,4.4,4.0,4.0,5.0,9.0,5.0
2188,3.0,1.1,4.1,4.9,1.0,1.0
357,3.4,4.1,3.0,5.0,9.0,5.0
729,2.3,3.0,4.0,1.0,6.0,1.0
1891,3.5,3.1,4.0,2.0,5.0,1.0
3133,2.8,1.1,4.0,4.0,4.0,2.0
646,3.7,1.2,4.0,4.1,3.0,1.0
778,4.0,3.9,4.0,2.9,9.0,2.0
4853,3.3,4.0,3.0,3.0,9.0,4.0
953,3.2,3.1,3.0,1.0,6.0,1.0
6405,4.2,4.0,3.0,5.0,9.0,3.0
1978,4.0,4.0,4.0,3.0,7.0,1.0
1966,4.0,3.0,4.9,5.0,9.0,3.0
3124,4.2,4.1,5.0,4.9,9.0,1.0
5089,2.6,1.2,2.9,2.0,1.0,1.0
797,3.3,4.1,3.0,5.0,9.0,4.0
320,4.0,3.9,4.9,3.0,9.0,1.0
542,3.9,3.0,3.1,5.0,9.0,2.0
1896,3.7,1.1,4.9,5.0,3.0,1.0
5684,4.0,3.9,3.0,5.0,9.0,1.0
7091,3.0,2.5,4.0,2.0,7.0,1.0
1726,3.3,3.0,3.9,2.0,5.0,1.0
3135,4.3,4.0,4.0,5.0,9.0,2.0
1816,2.5,1.1,3.0,2.1,1.0,1.0
7339,2.7,1.0,3.0,2.0,4.0,1.0
2346,3.4,3.1,3.0,3.0,5.0,1.0
17733,2.2,1.2,3.9,3.0,5.0,1.0
2342,3.7,4.0,3.1,4.0,7.0,1.0
2370,3.8,4.1,4.1,2.0,9.0,1.0
5755,3.4,3.0,3.0,3.1,5.0,1.0
1790,3.4,4.0,3.0,2.0,9.0,1.0
527,3.3,3.0,3.9,1.0,3.0,1.0
1673,3.9,4.1,2.9,3.0,9.0,2.0
18258,3.6,4.0,3.0,4.0,9.0,1.0
16849,2.7,1.0,4.0,2.9,1.0,1.0
7194,3.4,3.0,2.9,4.0,4.0,1.0
1241,4.0,4.0,3.0,5.0,9.0,3.0
1721,3.7,4.0,4.0,3.0,7.0,1.0
1683,2.6,1.2,3.9,2.0,1.0,1.0
845,3.5,1.2,4.0,4.9,2.0,1.0
1120,2.8,2.1,4.0,2.0,9.0,1.0
2146,3.7,2.9,4.9,3.0,7.0,1.0
3160,3.4,4.1,4.1,3.0,8.0,1.0
1878,4.4,5.0,4.0,2.0,9.0,1.0
847,2.6,1.1,3.0,2.1,3.0,1.0
487,2.6,1.2,3.0,2.9,6.0,1.0
1074,2.8,1.2,4.0,2.0,2.0,1.0
3004,4.6,4.0,4.0,5.0,9.0,5.0
16826,3.5,4.1,3.0,5.0,9.0,2.0
616,2.4,1.1,3.0,1.9,1.0,1.0
2167,3.3,3.0,3.0,4.0,4.0,1.0
715,4.1,4.0,4.0,4.0,9.0,1.0
521,3.3,3.0,3.1,1.9,6.0,1.0
1885,3.8,4.0,4.0,2.0,9.0,1.0
3370,3.6,2.9,4.9,2.9,7.0,1.0
179,2.6,1.2,3.0,3.1,2.0,1.0
407,4.0,3.9,3.1,2.0,9.0,1.0
942,3.2,4.1,3.0,4.0,9.0,3.0
2196,3.9,4.0,4.0,3.0,8.0,1.0
5250,3.0,4.0,4.1,3.0,9.0,1.0
622,2.2,1.1,3.0,2.0,3.0,1.0
1280,4.0,4.1,4.0,5.0,9.0,5.0
831,3.1,3.1,5.0,5.0,9.0,1.0
7264,3.4,3.0,3.0,3.1,3.0,1.0
17160,2.7,1.2,4.0,4.0,1.0,1.0
861,2.7,1.1,3.0,2.0,1.0,1.0
2140,3.7,3.0,3.1,3.9,9.0,1.0
538,4.2,4.0,4.0,4.0,9.0,1.0
432,3.9,4.0,5.0,4.0,9.0,1.0
2371,3.4,3.0,4.0,4.1,5.0,4.0
2197,4.3,4.0,4.0,3.0,8.0,1.0
665,4.3,4.0,4.0,4.0,3.0,1.0
1012,2.4,1.2,3.0,1.0,4.0,1.0
7367,2.8,1.0,3.0,1.9,1.0,1.0
16149,2.9,1.2,3.0,4.0,3.0,1.0
2232,3.8,2.9,4.0,4.0,9.0,1.0
6202,3.7,4.0,4.0,4.0,9.0,1.0
2506,2.8,1.1,3.9,4.0,1.0,1.0
2992,3.2,3.0,3.0,2.1,9.0,1.0
2345,3.7,4.0,3.0,3.0,7.0,1.0
1724,3.7,4.0,4.0,3.0,7.0,1.0
1774,3.0,1.2,4.0,3.0,3.0,1.0
2035,3.0,1.2,3.1,2.0,3.0,1.0
2175,4.5,4.0,4.0,5.0,9.0,1.0
581,4.1,4.0,4.1,2.1,9.0,1.0
2069,3.0,1.2,2.0,2.0,2.0,1.0
2023,3.6,3.0,4.0,4.0,3.0,1.0
6159,3.9,4.1,3.0,3.0,9.0,1.0
945,3.4,4.1,3.0,3.1,9.0,1.0
5849,4.2,4.0,3.0,5.0,6.0,4.0
4856,3.3,4.0,3.0,3.0,9.0,2.0
15503,3.9,4.0,2.1,3.0,9.0,1.0
713,3.9,4.0,4.0,3.0,5.0,1.0
5360,3.2,3.0,3.1,5.0,9.0,1.0
6228,2.6,1.2,4.0,3.0,1.0,1.0
750,3.6,3.0,4.9,4.0,5.0,1.0
15002,3.4,3.0,4.0,4.0,6.0,1.0
2337,2.9,1.2,4.1,4.9,4.0,1.0
3065,3.5,3.0,3.9,3.0,2.0,1.0
123,2.6,1.2,3.0,4.0,2.0,1.0
536,3.4,3.0,4.0,3.0,4.0,1.0
142,3.4,4.0,4.0,2.0,7.0,1.0
1810,3.5,4.0,4.0,2.0,9.0,1.0
1429,4.4,5.0,4.9,3.0,9.0,2.0
1479,3.4,4.0,3.0,5.0,6.0,1.0
17097,2.9,1.2,4.0,3.0,4.0,1.0
2224,3.5,3.0,3.9,4.0,5.0,1.0
1317,4.2,3.0,4.0,5.0,9.0,3.0
18248,4.3,3.1,3.9,4.0,9.0,1.0
6362,2.7,1.2,3.0,2.0,2.0,1.0
1893,3.5,3.1,4.0,2.9,5.0,1.0
7328,2.6,1.1,2.0,2.0,2.0,1.0
2981,4.4,4.1,4.0,4.9,9.0,1.0
7096,3.0,2.5,4.0,2.0,7.0,1.0
16309,4.3,4.1,3.0,5.0,9.0,2.0
16353,4.0,4.0,2.0,5.0,9.0,1.0
6090,3.6,3.0,4.0,4.0,9.0,1.0
1007,2.3,1.1,4.0,2.0,3.0,1.0
1227,2.6,1.1,4.0,2.1,1.0,1.0
587,3.6,3.9,3.9,2.1,9.0,1.0
2001,3.2,1.2,4.1,4.1,1.0,1.0
7314,2.9,1.1,1.1,3.1,3.0,1.0
1815,2.7,1.1,4.0,3.0,1.0,1.0
2275,3.4,4.0,3.0,1.0,8.0,1.0
2237,4.2,4.0,5.0,4.0,9.0,1.0
2319,3.7,3.0,2.0,4.9,9.0,1.0
17186,3.4,1.2,4.9,4.0,3.0,1.0
2145,3.2,2.9,4.0,2.0,1.0,1.0
5859,3.9,4.1,3.0,3.0,9.0,1.0
3077,3.5,3.0,3.9,1.1,9.0,1.0
2377,2.6,1.2,4.0,1.0,3.0,1.0
1149,2.6,1.1,4.0,2.1,,1.0
16785,4.2,4.0,3.0,4.9,9.0,1.0
1461,3.3,4.0,3.0,5.0,9.0,1.0
7556,3.4,3.0,4.1,3.1,9.0,3.0
2274,3.4,4.0,3.0,1.0,8.0,1.0
785,3.8,4.0,4.0,2.1,9.0,1.0
34,3.0,1.2,4.9,2.0,9.0,1.0
350,4.2,4.1,3.9,5.0,8.0,4.0
2118,3.2,1.1,3.1,4.0,1.0,1.0
116,4.2,4.0,5.0,4.0,9.0,1.0
3091,3.4,3.0,3.0,2.0,6.0,1.0
2095,2.5,1.0,4.0,4.0,3.0,1.0
3337,3.5,3.0,4.0,4.0,1.0,1.0
18013,3.1,4.0,4.1,4.0,9.0,1.0
7494,3.9,4.0,4.0,3.1,8.0,1.0
1064,2.7,1.2,3.0,2.0,,1.0
539,3.8,4.0,3.9,4.0,9.0,1.0
1306,4.6,4.1,4.9,4.1,9.0,1.0
580,4.2,4.0,4.9,2.9,9.0,2.0
3148,4.2,4.1,4.0,5.0,9.0,2.0
3410,2.8,1.1,4.0,1.0,3.0,1.0
5629,2.9,1.2,3.0,4.0,1.0,1.0
1178,3.8,4.1,2.1,4.1,9.0,1.0
3019,3.1,3.0,3.9,2.1,6.0,1.0
1871,3.5,4.0,2.0,3.0,9.0,1.0
3067,3.1,3.0,3.0,2.1,2.0,2.0
595,3.5,3.9,4.0,2.1,9.0,1.0
609,2.9,4.0,3.1,2.0,9.0,1.0
5770,3.0,1.1,4.0,3.0,,1.0
5165,3.5,1.2,3.0,4.9,3.0,1.0
1103,4.4,4.1,3.0,4.0,9.0,2.0
302,4.1,4.0,4.0,4.0,9.0,1.0
16485,3.3,3.9,1.1,2.1,9.0,1.0
5934,3.6,3.0,3.0,5.0,1.0,1.0
66,3.4,4.0,3.9,2.0,9.0,1.0
741,4.5,3.9,4.0,5.0,9.0,2.0
1968,3.9,4.0,3.9,4.0,9.0,1.0
1690,3.3,2.9,4.0,4.0,6.0,1.0
2158,3.0,3.0,3.9,2.0,9.0,1.0
1174,2.6,1.2,3.0,4.0,1.0,1.0
6640,3.0,3.0,2.0,3.9,5.0,1.0
39,3.2,3.0,4.0,2.0,8.0,1.0
49,4.1,4.0,4.9,4.0,9.0,1.0
2453,4.3,4.0,4.0,5.0,9.0,2.0
1411,3.5,4.0,4.0,2.9,9.0,1.0
491,3.9,4.0,4.0,2.9,9.0,2.0
2384,3.2,2.9,4.0,3.0,2.0,1.0
1156,2.6,1.0,3.1,4.0,1.0,1.0
765,3.9,3.9,4.0,3.0,9.0,1.0
17021,3.4,3.0,4.0,3.1,3.0,1.0
3122,4.0,4.1,5.0,4.1,9.0,1.0
1938,3.3,2.9,4.0,2.1,6.0,1.0
827,3.3,4.1,4.0,3.9,9.0,1.0
1648,4.2,4.1,4.0,5.0,8.0,3.0
7474,4.1,3.9,5.0,3.9,6.0,1.0
3061,3.2,3.0,3.9,1.1,9.0,1.0
2366,3.2,2.9,3.0,3.0,9.0,1.0
504,3.0,2.9,4.0,3.0,1.0,1.0
1692,3.3,2.9,4.0,4.0,3.0,1.0
1797,2.8,3.9,3.0,1.9,9.0,1.0
2101,3.7,2.9,4.0,3.0,3.0,1.0
2162,3.1,3.0,3.0,1.1,9.0,1.0
1238,3.6,4.0,4.9,4.9,9.0,1.0
1290,4.2,4.0,4.1,5.0,9.0,5.0
17025,3.7,4.0,4.0,2.9,9.0,3.0
17990,3.4,3.1,3.0,5.0,9.0,1.0
316,4.0,4.0,4.0,4.0,9.0,3.0
1475,3.4,3.0,4.1,5.0,9.0,4.0
6273,2.7,1.2,4.0,1.0,9.0,1.0
1572,3.6,3.1,4.0,4.0,8.0,1.0
6011,2.7,1.2,3.9,3.0,2.0,1.0
33,3.0,1.2,4.9,2.0,9.0,1.0
551,3.5,2.9,2.9,3.0,9.0,1.0
1956,2.4,1.2,3.0,1.1,6.0,1.0
1126,3.8,4.0,4.0,1.0,8.0,1.0
1001,3.8,4.1,3.1,3.0,9.0,1.0
2191,3.5,1.2,4.0,5.0,3.0,1.0
5511,3.6,4.1,4.0,2.0,9.0,1.0
5998,3.6,3.0,1.1,4.0,9.0,1.0
1058,4.7,4.0,4.9,5.0,9.0,1.0
438,3.2,2.9,3.1,2.0,6.0,1.0
2276,2.8,4.0,3.0,1.0,8.0,1.0
3273,4.6,5.0,3.9,2.0,7.0,2.0
2463,3.2,3.0,3.1,4.0,6.0,1.0
6134,3.9,4.0,3.0,5.0,3.0,1.0
1668,2.7,1.2,3.0,3.0,6.0,1.0
7485,3.9,4.1,4.0,3.0,9.0,1.0
5809,3.2,3.0,4.0,1.9,,1.0
114,4.1,4.0,5.0,5.0,9.0,3.0
88,3.8,4.1,4.0,1.0,9.0,1.0
1576,2.8,1.2,4.0,4.1,1.0,1.0
18268,4.3,4.1,4.9,5.0,9.0,2.0
3355,2.9,1.2,4.1,3.0,3.0,1.0
661,3.6,4.0,4.1,2.9,8.0,1.0
809,2.7,1.2,4.0,4.0,5.0,1.0
1300,4.2,4.0,5.0,5.0,8.0,3.0
2376,2.5,1.2,4.0,1.0,3.0,1.0
2200,4.2,4.0,5.0,5.0,6.0,4.0
1823,3.5,3.0,4.0,4.1,5.0,3.0
7114,3.0,2.5,4.0,2.0,7.0,1.0
564,4.0,4.1,4.0,3.0,9.0,1.0
17155,3.2,2.9,3.1,3.0,1.0,1.0
1834,3.3,4.1,4.0,4.0,9.0,1.0
941,4.2,4.1,3.0,3.0,9.0,2.0
455,2.7,1.1,4.9,4.0,2.0,1.0
7406,2.9,1.1,1.0,3.9,3.0,1.0
2396,2.8,1.2,4.0,2.9,1.0,1.0
1905,3.6,3.0,3.0,4.0,5.0,1.0
1714,3.4,3.0,4.0,2.1,6.0,1.0
903,3.6,3.1,3.0,4.0,9.0,1.0
4858,3.2,3.1,2.9,4.0,9.0,1.0
1150,2.6,1.1,4.0,2.1,,1.0
17188,3.3,1.2,4.9,4.0,3.0,1.0
3394,3.8,4.1,4.0,3.0,9.0,1.0
5752,3.3,3.0,3.0,3.1,5.0,1.0
5960,3.6,3.0,2.0,4.0,9.0,1.0
1391,3.6,4.0,3.9,4.0,9.0,1.0
6954,4.1,4.0,3.0,5.0,9.0,2.0
416,4.0,4.1,3.0,2.1,9.0,1.0
821,4.1,4.0,4.0,4.1,9.0,1.0
5715,3.6,4.0,3.9,2.0,9.0,1.0
1195,2.8,1.0,4.0,4.9,3.0,1.0
2397,3.0,2.9,3.0,2.0,1.0,1.0
2929,3.9,4.0,3.0,2.0,9.0,1.0
1194,2.6,1.2,3.0,2.0,6.0,1.0
1465,3.0,1.2,3.0,1.9,1.0,1.0
621,2.2,1.2,3.0,2.0,5.0,1.0
545,4.3,3.0,5.0,4.0,9.0,1.0
1368,2.9,3.0,3.9,3.0,9.0,1.0
2282,3.4,4.0,3.1,1.0,7.0,1.0
1469,4.0,3.1,4.1,5.0,9.0,3.0
7498,,,,,,
605,3.0,3.0,3.0,2.0,6.0,1.0
1184,2.9,1.1,4.0,4.1,1.0,1.0
1761,4.5,4.1,3.0,4.9,9.0,2.0
5840,3.9,4.1,3.0,3.0,9.0,1.0
1425,3.1,4.0,4.0,3.0,6.0,1.0
16312,4.2,4.1,3.0,5.0,9.0,3.0
3266,4.0,4.1,3.9,2.0,8.0,1.0
1344,3.0,2.9,4.0,4.0,5.0,1.0
437,3.2,1.2,4.1,4.1,1.0,1.0
3057,3.3,3.0,4.0,1.0,9.0,1.0
2007,4.2,5.0,3.0,1.1,6.0,2.0
445,2.6,4.0,3.0,2.1,6.0,3.0
924,3.3,3.0,4.0,2.9,1.0,1.0
16345,4.0,4.0,2.0,5.0,9.0,1.0
1157,2.6,1.0,3.0,4.0,1.0,1.0
391,4.2,4.1,4.0,4.0,9.0,2.0
107,3.8,3.0,3.9,2.0,2.0,1.0
7459,2.5,1.2,2.1,2.0,9.0,1.0
2119,2.4,1.2,1.9,4.0,1.0,1.0
2198,3.6,1.3,4.0,4.0,,1.0
1959,4.1,4.0,4.0,4.1,9.0,1.0
573,2.6,1.2,3.1,2.0,1.0,1.0
910,3.7,3.1,3.0,4.0,9.0,1.0
83,3.4,3.0,3.0,4.1,9.0,1.0
1077,2.7,1.2,4.0,2.0,3.0,1.0
743,3.7,4.0,3.1,2.0,9.0,1.0
2123,3.9,4.0,3.0,4.0,9.0,1.0
2112,4.0,4.1,5.0,5.0,9.0,3.0
759,3.5,3.0,4.0,3.0,2.0,1.0
1957,3.0,1.1,4.0,3.0,4.0,1.0
2452,4.3,4.0,4.0,5.0,9.0,2.0
811,2.7,1.2,4.0,4.0,5.0,1.0
5493,2.2,1.0,4.0,2.0,2.0,1.0
2246,2.7,1.2,4.9,4.0,2.0,1.0
3096,2.5,1.2,3.0,1.0,2.0,1.0
2977,4.0,4.1,4.0,4.1,8.0,4.0
576,2.7,1.2,4.0,2.0,2.0,1.0
454,4.2,4.0,3.0,4.0,3.0,1.0
17079,3.9,4.0,4.0,4.0,9.0,4.0
5320,4.4,5.0,3.0,1.1,3.0,1.0
1659,3.0,3.0,2.0,3.0,3.0,1.0
641,4.0,1.1,4.0,5.0,3.0,1.0
17202,3.5,1.1,4.1,4.9,3.0,1.0
306,4.3,4.0,4.0,5.0,9.0,3.0
772,4.2,4.0,4.0,5.0,9.0,1.0
2042,3.4,1.1,3.9,4.1,5.0,1.0
1082,3.4,3.0,4.0,4.0,6.0,1.0
7241,3.2,3.0,2.9,2.0,3.0,1.0
2116,3.4,1.1,3.1,4.1,3.0,1.0
1463,3.3,1.2,4.1,4.0,3.0,1.0
1372,3.1,3.0,4.0,2.0,9.0,1.0
15161,4.2,4.1,3.0,4.9,9.0,1.0
1083,3.5,4.0,3.1,1.1,9.0,1.0
639,4.0,1.2,4.0,4.9,3.0,1.0
1167,3.7,3.9,4.0,2.0,8.0,1.0
367,4.4,4.1,4.0,5.0,9.0,2.0
1294,3.3,1.1,4.0,5.0,1.0,2.0
7010,3.8,3.0,3.9,4.0,6.0,1.0
5555,3.2,3.0,4.0,2.0,9.0,1.0
5989,3.6,3.0,1.1,4.0,9.0,1.0
17118,2.8,1.2,4.0,3.0,4.0,1.0
742,4.5,3.9,4.0,5.0,9.0,1.0
2240,4.0,4.1,5.0,4.0,9.0,1.0
2891,4.3,4.0,4.1,5.0,9.0,4.0
1850,3.6,3.0,3.9,1.1,9.0,1.0
7349,2.6,1.0,3.0,1.1,1.0,1.0
6138,4.2,4.1,3.0,5.0,9.0,2.0
1848,3.9,4.1,4.0,5.0,9.0,3.0
530,4.3,4.1,4.0,4.0,9.0,2.0
2375,3.8,3.0,4.0,4.9,5.0,1.0
5402,4.2,4.1,3.0,3.9,8.0,1.0
6475,3.5,3.0,4.0,4.0,9.0,1.0
7456,2.8,1.0,3.0,2.0,4.0,1.0
2482,3.3,3.0,4.0,2.0,2.0,1.0
282,3.4,3.0,4.0,4.0,6.0,1.0
5749,3.2,3.0,4.0,3.0,4.0,1.0
4862,4.1,4.1,3.0,4.9,9.0,3.0
16130,2.9,1.2,3.0,4.0,3.0,1.0
531,2.6,1.0,4.0,4.0,1.0,1.0
714,4.1,4.0,4.0,4.0,9.0,1.0
251,3.5,3.0,4.0,1.0,7.0,1.0
1213,2.9,1.2,4.1,4.0,4.0,1.0
393,3.2,4.0,3.1,1.1,9.0,1.0
1906,2.5,1.2,3.0,1.0,1.0,1.0
3361,4.4,4.1,3.0,5.0,9.0,4.0
16038,2.0,1.0,4.0,1.0,3.0,1.0
1898,3.1,3.0,4.0,4.0,2.0,1.0
5913,3.6,3.0,3.0,5.0,9.0,1.0
1736,2.7,1.1,4.0,4.0,1.0,1.0
1748,3.5,4.0,3.0,2.0,9.0,1.0
2026,3.5,4.0,3.1,1.0,8.0,1.0
5305,2.6,1.0,4.0,4.9,2.0,1.0
5533,3.9,4.0,3.0,5.0,9.0,2.0
6529,3.5,3.0,3.0,3.9,4.0,1.0
1541,3.0,3.0,3.0,2.0,9.0,1.0
5270,3.1,1.0,1.9,4.1,1.0,1.0
1044,3.1,1.2,3.9,4.0,5.0,1.0
1408,2.8,1.1,4.0,1.0,1.0,1.0
1285,3.9,4.1,4.0,2.1,8.0,1.0
1769,3.0,3.0,3.0,2.1,1.0,1.0
18249,4.2,3.1,3.1,4.0,9.0,1.0
1806,2.9,1.2,2.0,4.0,1.0,2.0
439,3.2,2.9,3.9,3.0,3.0,1.0
1947,3.6,3.1,3.9,4.0,7.0,1.0
2976,3.3,3.0,4.1,3.0,9.0,1.0
554,3.4,3.0,4.0,1.0,5.0,1.0
1142,3.6,4.0,4.1,4.0,9.0,1.0
6396,4.2,4.1,3.0,5.0,9.0,3.0
2972,4.0,4.0,4.0,3.1,9.0,1.0
1808,3.8,4.0,4.0,2.0,9.0,1.0
135,3.4,3.0,4.0,2.0,7.0,1.0
18004,3.1,3.0,3.0,4.9,9.0,3.0
2212,3.8,3.0,5.0,5.0,9.0,3.0
18272,3.9,3.9,4.0,2.0,9.0,1.0
1819,3.5,3.0,2.0,3.9,9.0,1.0
5546,3.5,4.1,3.0,5.0,9.0,1.0
3269,4.0,4.1,4.0,2.0,9.0,1.0
971,2.7,3.0,3.0,1.0,6.0,1.0
3323,3.4,3.0,4.1,4.9,9.0,4.0
400,3.8,4.1,3.0,1.0,9.0,1.0
930,3.0,1.0,4.0,4.0,2.0,1.0
119,3.7,3.0,4.9,4.9,4.0,1.0
1670,4.0,4.0,3.0,4.9,9.0,1.0
3190,4.2,4.1,4.0,4.1,8.0,2.0
1562,3.2,3.0,4.0,4.1,3.0,1.0
2483,3.3,3.0,4.0,2.0,2.0,1.0
2067,3.7,2.9,5.0,4.1,6.0,1.0
2320,2.6,1.2,4.0,2.1,5.0,1.0
2322,3.3,2.9,4.0,3.0,5.0,1.0
6426,4.2,4.1,3.0,5.0,9.0,3.0
375,4.1,4.0,3.0,5.0,9.0,5.0
3310,3.3,3.0,3.1,1.1,2.0,1.0
17182,2.8,1.2,4.0,4.0,1.0,1.0
2222,4.0,1.2,4.0,4.9,3.0,1.0
334,3.1,4.1,2.1,4.9,9.0,3.0
489,2.5,1.2,3.0,2.9,6.0,1.0
1349,3.5,3.0,4.0,3.0,5.0,1.0
1526,4.2,4.0,4.9,5.0,9.0,5.0
1979,4.0,3.0,4.0,3.0,2.0,1.0
6105,4.3,4.1,3.0,5.0,9.0,5.0
1578,2.7,1.1,4.0,4.0,1.0,1.0
17200,3.5,1.1,4.1,4.9,3.0,1.0
1649,4.0,4.1,3.1,3.0,9.0,1.0
16361,3.8,3.0,2.0,5.0,9.0,1.0
2092,2.9,1.2,2.0,4.0,1.0,1.0
703,3.5,3.1,4.0,2.0,9.0,1.0
623,4.6,4.1,4.0,5.0,9.0,2.0
1274,4.0,4.0,4.0,5.0,9.0,4.0
1500,2.6,1.2,4.0,4.0,9.0,1.0
2441,3.2,1.2,3.1,4.0,2.0,1.0
1796,3.5,4.0,3.0,1.9,6.0,1.0
2032,4.1,4.1,2.9,5.0,9.0,4.0
5787,4.2,4.0,3.0,5.0,9.0,5.0
2395,3.0,1.2,4.0,3.9,3.0,1.0
3414,2.7,1.2,4.0,1.0,3.0,1.0
2323,3.5,3.0,4.1,4.0,9.0,1.0
6894,3.6,3.1,4.0,3.0,9.0,1.0
2254,3.2,1.2,4.0,4.0,3.0,1.0
85,3.3,2.9,3.0,4.1,2.0,1.0
108,3.0,3.0,4.9,2.0,9.0,1.0
6063,3.7,1.2,4.0,5.0,3.0,3.0
2399,2.9,3.0,3.0,2.0,9.0,1.0
839,3.9,3.0,4.0,4.0,9.0,1.0
2328,2.9,3.0,4.0,4.0,9.0,1.0
2081,3.2,2.1,3.0,1.0,,
7083,2.7,1.2,4.0,2.0,2.0,1.0
134,3.6,3.0,4.1,1.9,7.0,1.0
16514,3.2,3.9,1.0,2.0,9.0,1.0
446,2.8,4.0,3.0,3.1,9.0,1.0
1895,3.8,1.1,5.0,5.0,3.0,1.0
610,3.0,1.1,4.0,4.0,,1.0
3443,4.2,4.1,4.0,2.1,9.0,1.0
5073,2.6,1.1,3.0,2.0,1.0,1.0
1116,4.2,4.1,3.0,2.9,8.0,1.0
1862,3.1,2.9,4.0,1.0,6.0,1.0
1313,4.1,3.0,5.0,5.0,9.0,5.0
6501,3.8,4.0,2.0,4.1,9.0,1.0
322,4.3,5.0,3.1,1.0,9.0,1.0
3102,2.5,1.2,3.0,1.0,2.0,2.0
154,2.7,1.1,4.0,3.0,2.0,1.0
121,3.9,4.1,4.0,5.0,9.0,5.0
1872,4.2,4.0,4.0,5.0,9.0,2.0
2931,3.6,3.1,3.0,4.0,9.0,1.0
7270,3.1,1.2,1.1,3.0,1.0,1.0
7490,3.8,4.1,4.0,2.9,9.0,1.0
5176,3.6,4.0,3.0,4.9,8.0,2.0
328,2.8,4.0,4.0,4.0,9.0,1.0
1378,3.5,3.1,4.1,2.0,9.0,1.0
5079,2.5,1.1,3.0,2.0,1.0,1.0
1267,3.8,4.0,4.9,5.0,9.0,2.0
3407,3.0,1.1,4.0,4.0,3.0,1.0
1671,4.1,4.0,3.0,5.0,9.0,1.0
6242,3.5,1.0,4.0,5.0,3.0,1.0
355,2.8,1.1,4.0,4.0,1.0,1.0
86,3.5,2.9,3.0,4.1,2.0,1.0
3003,4.1,3.9,4.9,5.0,3.0,4.0
2496,3.4,3.0,4.0,1.0,9.0,1.0
2227,4.2,4.0,3.1,2.9,9.0,1.0
53,4.2,4.1,4.9,5.0,9.0,4.0
1252,3.2,3.0,3.0,2.1,9.0,1.0
3094,2.5,1.2,3.0,1.0,1.0,1.0
6447,3.5,3.0,4.0,4.0,9.0,1.0
928,3.0,1.0,4.0,4.0,2.0,1.0
18240,4.0,3.0,3.0,5.0,3.0,3.0
16738,3.5,3.0,2.0,3.1,4.0,1.0
5520,3.7,4.1,4.0,2.0,9.0,1.0
512,3.8,3.0,4.1,2.0,6.0,1.0
5645,3.5,2.9,4.0,2.0,9.0,1.0
3029,3.0,3.0,3.1,2.0,4.0,1.0
1813,2.4,1.2,3.0,2.1,5.0,1.0
2223,4.4,4.1,4.0,4.0,9.0,1.0
1940,2.9,1.2,4.0,2.0,5.0,1.0
637,3.6,3.0,4.0,4.0,8.0,1.0
486,3.6,3.0,4.0,4.0,6.0,1.0
17042,3.7,3.1,4.0,3.1,9.0,1.0
17931,3.5,3.0,3.9,4.0,6.0,2.0
1706,3.0,3.0,3.1,4.0,9.0,1.0
6795,4.1,4.1,3.0,5.0,9.0,2.0
2916,4.2,3.9,4.9,5.0,3.0,5.0
6512,3.5,3.0,3.0,3.9,8.0,1.0
640,4.0,1.1,4.0,5.0,3.0,1.0
1553,2.8,1.2,3.0,4.0,1.0,1.0
3157,3.4,4.1,4.1,3.0,8.0,1.0
17071,3.3,1.2,4.0,4.0,1.0,1.0
1528,4.2,4.0,4.9,5.0,9.0,5.0
1776,3.5,3.0,4.0,3.0,1.0,1.0
1456,3.1,3.0,3.0,4.0,2.0,1.0
5068,2.4,1.2,2.9,2.0,1.0,1.0
823,4.5,4.1,4.0,4.1,8.0,2.0
2520,3.4,4.0,4.0,2.0,5.0,1.0
7000,3.8,3.0,3.9,4.0,6.0,1.0
483,3.4,3.0,4.1,4.0,1.0,1.0
1884,3.8,4.0,4.0,2.0,9.0,1.0
1703,2.5,1.2,3.0,2.0,,1.0
1788,3.6,4.0,3.0,2.0,6.0,1.0
18235,3.9,4.1,4.1,4.0,9.0,1.0
1531,3.6,2.9,4.0,3.9,9.0,1.0
964,2.6,3.0,3.0,1.0,6.0,1.0
899,2.3,1.0,3.0,2.0,3.0,1.0
7142,3.0,3.0,3.0,4.0,5.0,1.0
2045,3.6,4.1,4.0,4.9,9.0,1.0
3417,4.2,4.0,4.0,2.1,9.0,1.0
722,3.5,3.0,4.1,3.1,9.0,1.0
2277,3.4,4.0,3.0,1.0,8.0,1.0
376,4.2,4.1,3.0,5.0,9.0,3.0
18252,3.6,3.9,1.9,4.0,9.0,1.0
1560,2.6,1.2,3.1,1.0,6.0,1.0
2935,4.0,4.0,3.1,5.0,9.0,2.0
6413,4.2,4.0,3.0,5.0,9.0,3.0
544,4.3,3.0,5.0,4.0,9.0,2.0
2352,4.0,4.0,4.0,4.0,9.0,1.0
16522,3.3,3.9,1.1,2.0,9.0,1.0
1737,3.1,1.2,2.1,3.0,3.0,1.0
16795,4.0,4.1,3.0,5.0,9.0,2.0
5207,2.8,1.2,1.1,4.1,1.0,1.0
2925,3.0,1.0,4.0,4.1,2.0,1.0
1722,3.8,3.9,4.0,3.0,6.0,1.0
2357,3.3,4.0,2.0,5.0,9.0,1.0
18225,4.1,4.0,4.0,5.0,9.0,1.0
3283,4.1,4.0,3.0,5.0,7.0,5.0
3195,3.4,3.0,4.0,5.0,9.0,3.0
1585,3.3,3.0,3.0,1.0,9.0,1.0
6058,3.3,1.2,3.0,4.1,3.0,1.0
1124,4.4,4.1,4.1,3.0,9.0,2.0
2064,2.5,1.2,4.0,3.1,3.0,1.0
1453,3.0,3.0,4.0,5.0,1.0,2.0
2025,2.7,4.0,3.0,1.0,8.0,1.0
1395,2.7,3.0,3.0,3.0,4.0,1.0
1301,3.0,1.2,4.0,3.0,2.0,1.0
842,3.5,3.0,3.1,4.0,3.0,1.0
7465,2.8,1.0,3.0,2.0,4.0,1.0
5299,3.9,3.0,4.0,5.0,9.0,1.0
477,2.7,1.2,3.1,4.0,6.0,1.0
2156,3.7,4.0,3.0,4.9,9.0,1.0
298,3.9,4.1,3.0,4.1,9.0,1.0
6485,3.8,4.0,2.0,4.1,9.0,1.0
6986,3.2,1.2,3.9,4.0,1.0,1.0
2440,3.2,1.2,3.0,4.0,2.0,1.0
2987,2.7,2.9,3.0,2.1,5.0,2.0
3192,3.1,2.9,3.0,5.0,,1.0
951,3.0,3.0,3.0,1.0,4.0,1.0
2343,3.7,4.0,3.1,4.0,7.0,1.0
1361,2.9,1.2,3.9,4.0,3.0,1.0
1380,3.6,3.1,4.0,2.0,9.0,1.0
1237,3.2,1.2,4.1,4.0,1.0,1.0
415,4.2,4.1,3.9,3.0,9.0,1.0
6832,3.1,3.0,4.0,2.1,3.0,1.0
3059,3.3,3.0,3.9,1.0,9.0,1.0
1738,3.1,3.0,3.0,4.0,3.0,1.0
1681,3.5,3.0,4.0,2.0,9.0,1.0
1282,2.9,2.9,4.9,4.9,4.0,1.0
3384,3.6,3.1,4.0,3.0,6.0,2.0
2859,4.2,4.1,5.0,5.0,9.0,5.0
1917,2.3,1.2,3.0,2.0,4.0,1.0
1756,2.8,1.0,4.0,4.1,3.0,1.0
15026,4.2,4.1,3.0,5.0,9.0,4.0
1998,3.3,1.2,4.0,4.9,2.0,1.0
1189,3.5,3.1,3.1,2.9,7.0,1.0
474,3.4,2.9,4.0,2.9,1.0,1.0
1582,3.8,4.0,4.9,5.0,9.0,5.0
2331,3.1,3.0,4.0,4.0,6.0,1.0
2213,3.1,1.0,4.0,4.0,3.0,1.0
2289,4.4,5.0,4.0,3.1,7.0,1.0
952,2.7,3.1,3.0,1.0,6.0,1.0
127,3.0,3.1,4.0,4.1,9.0,1.0
2543,3.2,3.0,4.0,1.0,3.0,1.0
17730,2.2,1.2,3.9,3.0,5.0,1.0
5416,4.1,4.0,3.0,3.9,5.0,1.0
21,3.8,4.0,3.0,1.0,8.0,1.0
569,3.8,3.0,4.9,4.0,3.0,2.0
1902,4.0,4.1,4.0,4.0,9.0,1.0
16871,2.7,1.0,4.0,2.9,3.0,1.0
2206,3.4,2.9,3.9,4.0,3.0,1.0
17195,3.4,1.2,4.1,4.0,3.0,1.0
6950,4.2,4.0,3.0,5.0,9.0,2.0
1945,2.8,3.0,4.0,3.0,6.0,1.0
1793,3.5,4.0,3.0,1.9,6.0,1.0
1153,2.5,1.0,3.0,2.9,1.0,1.0
522,3.3,3.0,3.0,1.9,7.0,1.0
1051,3.2,1.2,4.0,4.1,1.0,1.0
3257,4.7,4.1,4.0,5.0,9.0,4.0
390,4.1,4.1,4.0,4.0,9.0,2.0
1930,3.6,4.0,4.0,5.0,9.0,1.0
2084,3.9,4.1,4.0,4.0,8.0,4.0
1653,2.7,1.2,4.0,3.0,1.0,1.0
2905,3.3,3.1,5.0,4.0,9.0,1.0
1097,3.6,4.0,3.9,4.0,9.0,1.0
7358,2.7,1.0,3.1,1.1,1.0,1.0
1050,3.6,3.0,3.9,4.0,8.0,1.0
2476,2.2,2.9,3.0,2.0,6.0,1.0
18259,3.6,4.0,3.0,4.0,9.0,1.0
16989,3.6,3.0,4.0,2.0,9.0,1.0
16371,3.3,2.9,4.0,4.9,3.0,1.0
2841,3.8,4.1,3.0,4.1,8.0,5.0
150,3.6,4.0,4.0,5.0,9.0,2.0
758,3.5,3.0,4.0,3.0,2.0,1.0
6249,3.0,1.0,4.0,5.0,3.0,1.0
2234,3.7,3.1,4.0,3.0,9.0,1.0
6837,3.2,3.0,4.0,2.1,3.0,1.0
752,3.6,3.0,4.0,4.0,9.0,1.0
16560,3.6,4.0,4.0,2.9,9.0,1.0
1727,2.9,1.1,4.0,4.1,2.0,1.0
449,3.8,4.0,3.0,2.0,6.0,1.0
2204,3.5,1.2,4.0,4.1,6.0,1.0
2211,4.5,4.1,4.1,5.0,9.0,2.0
2477,2.9,1.1,3.1,3.0,2.0,1.0
796,4.3,4.1,3.0,5.0,9.0,4.0
1672,2.6,1.2,4.0,2.0,1.0,1.0
1228,2.7,1.2,4.0,2.9,5.0,1.0
2359,3.4,2.9,3.0,4.0,9.0,1.0
1217,4.4,4.0,4.0,4.1,9.0,3.0
998,3.1,4.0,3.1,2.0,9.0,1.0
506,3.2,3.0,3.0,2.1,5.0,1.0
810,2.5,1.2,4.0,4.0,1.0,1.0
975,2.7,3.0,3.0,1.0,6.0,1.0
2286,3.6,3.0,3.0,3.9,9.0,1.0
17074,2.7,1.2,4.0,4.0,1.0,1.0
17084,3.9,4.0,4.0,4.0,9.0,2.0
1907,2.5,1.2,3.1,1.0,1.0,1.0
5292,4.4,5.0,3.0,2.9,9.0,1.0
1546,2.8,3.0,3.0,2.0,8.0,1.0
7461,2.4,1.0,3.0,1.1,3.0,1.0
7153,3.4,3.0,2.9,4.0,4.0,1.0
17183,2.8,1.2,4.0,3.0,1.0,1.0
1854,3.6,3.0,3.9,1.0,9.0,1.0
2779,4.6,4.1,4.0,5.0,9.0,5.0
2313,4.0,4.1,4.0,2.0,9.0,1.0
18045,3.6,4.0,3.9,3.0,9.0,1.0
1060,3.9,3.1,3.0,5.0,9.0,3.0
16062,2.0,1.0,4.0,1.0,3.0,1.0
5499,2.2,1.0,4.0,2.0,2.0,1.0
3458,4.0,4.0,3.1,5.0,9.0,2.0
2355,3.9,4.0,4.0,4.9,8.0,1.0
947,3.3,3.0,3.1,2.0,3.0,1.0
2354,3.8,3.9,4.0,4.0,3.0,1.0
1542,3.0,3.0,3.0,2.0,9.0,1.0
1734,2.8,1.1,4.1,4.0,3.0,1.0
2088,4.4,3.1,4.0,5.0,9.0,1.0
2251,2.9,1.0,3.1,4.1,6.0,1.0
326,2.8,3.0,3.9,3.9,9.0,1.0
6604,2.9,1.1,3.0,2.0,4.0,1.0
2391,3.9,4.0,3.9,3.0,9.0,1.0
1062,3.4,1.2,5.0,5.0,2.0,1.0
4910,3.4,4.1,3.0,4.1,8.0,2.0
14870,3.4,1.2,4.0,4.0,6.0,1.0
1669,2.7,1.1,4.0,2.0,2.0,1.0
5060,3.8,3.1,2.9,5.0,9.0,2.0
313,4.1,4.0,5.0,4.0,9.0,1.0
16357,3.7,3.0,2.0,5.0,9.0,1.0
5817,3.1,2.4,2.9,4.0,,1.0
1350,3.5,3.0,4.0,3.0,5.0,1.0
1516,3.3,2.9,4.0,3.0,6.0,1.0
854,2.2,1.1,3.0,2.1,1.0,1.0
14891,4.0,3.1,3.0,5.0,3.0,3.0
1676,4.3,4.1,5.0,4.0,8.0,2.0
7446,2.8,1.0,3.0,2.0,4.0,1.0
17199,3.3,1.2,4.1,4.0,6.0,1.0
17030,3.6,4.0,4.0,3.1,9.0,1.0
6783,4.2,4.1,3.0,5.0,9.0,2.0
5184,3.2,3.1,2.9,4.0,9.0,1.0
6628,2.7,1.2,3.0,2.0,6.0,1.0
16275,3.4,3.0,3.0,3.0,9.0,2.0
2054,3.6,4.0,2.1,4.0,8.0,2.0
252,3.5,3.0,4.0,1.0,7.0,1.0
1634,3.6,2.9,4.0,4.0,5.0,1.0
2017,2.9,1.2,4.0,2.0,,1.0
2928,4.0,4.1,4.0,4.0,8.0,2.0
16292,3.4,3.0,3.0,3.0,9.0,2.0
5636,3.3,3.0,4.0,2.0,1.0,1.0
2805,4.1,4.0,3.0,5.0,7.0,5.0
5326,3.5,3.0,4.0,4.1,5.0,1.0
1482,3.8,4.1,4.0,2.0,7.0,1.0
6208,3.7,4.0,4.0,4.0,9.0,1.0
2829,3.2,3.0,4.0,4.0,9.0,1.0
330,3.4,3.1,4.0,4.0,1.0,1.0
7454,2.8,1.0,3.0,1.9,3.0,1.0
447,3.9,3.0,4.9,4.9,3.0,1.0
15547,3.5,4.1,2.0,2.1,7.0,1.0
596,3.7,3.9,4.0,2.9,5.0,1.0
18012,3.8,4.0,4.1,4.0,9.0,2.0
2302,3.2,1.2,2.0,4.0,2.0,1.0
3064,3.6,3.0,4.1,4.0,3.0,1.0
423,3.9,4.1,4.0,2.0,9.0,1.0
70,2.8,3.0,4.0,3.0,9.0,1.0
2154,3.9,4.1,2.9,4.1,6.0,1.0
2201,3.3,1.2,4.0,5.0,3.0,1.0
159,3.6,3.0,3.9,3.1,9.0,1.0
2490,2.5,1.2,3.1,3.1,1.0,1.0
2801,3.4,3.0,3.1,2.0,3.0,1.0
2053,3.0,3.0,4.0,4.0,9.0,1.0
15996,3.2,3.1,2.9,4.0,9.0,1.0
2216,4.4,4.0,4.0,5.0,9.0,1.0
790,3.6,3.0,5.0,4.1,3.0,1.0
5948,3.6,3.0,2.0,4.0,9.0,1.0
1407,2.8,1.2,4.0,1.0,1.0,1.0
2215,2.7,1.0,4.0,4.1,1.0,1.0
14731,4.2,4.1,3.0,5.0,9.0,2.0
3,3.5,4.1,4.0,4.0,9.0,4.0
7179,3.4,3.0,2.9,4.0,5.0,1.0
677,3.4,3.0,3.9,1.0,4.0,1.0
908,3.2,3.1,3.0,4.0,9.0,2.0
562,2.5,1.1,4.0,2.9,1.0,1.0
3259,4.3,4.1,3.0,4.9,9.0,3.0
2261,4.0,4.0,4.0,3.1,9.0,1.0
2242,2.5,1.1,4.9,4.0,3.0,1.0
532,3.9,4.1,4.0,4.0,9.0,1.0
762,3.5,3.0,4.0,3.1,9.0,1.0
148,3.7,4.1,3.0,3.0,9.0,1.0
1314,3.2,3.0,3.0,5.0,1.0,2.0
1867,3.1,2.9,4.0,1.0,6.0,1.0
1038,3.7,3.0,4.0,4.0,2.0,1.0
2545,4.0,4.1,3.0,4.0,9.0,2.0
14575,2.8,1.3,4.0,2.1,5.0,1.0
1048,3.2,1.2,4.0,4.1,6.0,1.0
2248,3.6,4.1,5.0,5.0,9.0,2.0
5085,2.6,1.2,2.9,2.0,1.0,1.0
5460,3.2,1.0,5.0,4.0,1.0,2.0
2505,2.9,1.0,4.0,4.0,5.0,1.0
363,4.1,4.1,3.0,5.0,9.0,5.0
1522,3.5,3.0,4.0,4.0,9.0,1.0
18049,3.4,4.0,4.0,3.0,9.0,1.0
3012,2.8,3.0,4.0,4.0,6.0,1.0
748,3.6,3.0,4.1,4.0,2.0,1.0
397,4.1,4.1,4.1,4.1,8.0,1.0
138,3.6,3.9,4.0,1.9,4.0,1.0
1225,3.1,3.9,3.1,4.0,9.0,1.0
293,3.5,4.0,3.0,5.0,9.0,5.0
5852,4.2,4.0,3.0,5.0,6.0,4.0
1343,3.3,2.9,4.0,4.0,5.0,1.0
894,2.5,1.1,3.0,2.0,1.0,1.0
1179,3.6,3.1,4.0,3.0,9.0,1.0
1392,3.6,4.0,3.9,4.0,9.0,1.0
1521,3.4,2.9,4.0,3.9,2.0,1.0
2108,4.0,4.1,4.0,4.0,9.0,1.0
5783,3.4,3.0,3.9,2.0,6.0,1.0
3308,3.3,3.1,3.1,1.0,9.0,1.0
2269,4.1,3.0,4.0,4.0,7.0,1.0
1281,3.3,2.9,4.9,4.9,4.0,1.0
606,3.1,3.0,3.0,2.0,9.0,1.0
6293,2.8,1.0,5.0,4.1,3.0,1.0
14793,3.9,3.9,2.0,4.0,9.0,1.0
5826,3.2,1.0,1.9,4.0,1.0,1.0
1784,3.9,4.0,4.0,3.0,9.0,1.0
43,3.6,4.0,3.0,5.0,8.0,4.0
634,3.6,3.0,4.0,3.0,8.0,1.0
1256,2.8,1.2,4.0,2.9,5.0,1.0
1015,2.5,1.2,3.0,1.0,9.0,1.0
17193,3.4,1.1,4.1,4.0,3.0,1.0
1485,3.9,4.1,4.0,2.0,8.0,1.0
428,3.6,4.1,4.0,2.0,4.0,2.0
6352,3.9,3.0,5.0,4.0,2.0,1.0
6327,3.8,3.1,3.0,5.0,9.0,2.0
6897,3.7,3.1,4.0,3.1,9.0,1.0
405,3.3,4.1,3.0,5.0,9.0,3.0
1686,4.3,4.0,4.0,5.0,9.0,2.0
2549,2.7,1.2,3.0,3.0,6.0,1.0
817,3.0,3.0,4.0,3.0,9.0,1.0
1271,3.5,4.0,4.0,4.0,9.0,1.0
7489,3.9,4.1,4.0,3.0,9.0,1.0
1851,2.5,1.1,4.0,4.0,1.0,2.0
12,3.8,2.9,4.1,4.0,4.0,1.0
926,3.2,3.0,4.0,2.1,1.0,1.0
503,2.5,1.2,3.9,2.1,3.0,1.0
2509,2.8,1.1,3.9,4.0,1.0,1.0
2284,2.7,3.0,3.1,1.0,9.0,1.0
2038,3.1,2.9,4.1,4.9,1.0,1.0
17151,3.4,2.9,4.0,4.0,2.0,1.0
1054,2.9,1.2,4.9,5.0,3.0,1.0
2244,2.6,1.2,4.0,4.0,1.0,1.0
3275,4.4,4.0,4.9,5.0,9.0,4.0
807,4.1,4.0,4.0,4.0,9.0,1.0
1687,4.0,3.0,4.0,4.1,3.0,1.0
1780,3.8,4.0,4.0,2.9,7.0,1.0
117,2.5,1.2,3.9,5.0,3.0,1.0
420,3.8,3.0,5.0,4.1,9.0,1.0
3150,4.1,4.0,4.0,5.0,9.0,1.0
724,4.0,4.1,4.0,4.0,9.0,2.0
2678,4.3,4.0,5.0,5.0,9.0,1.0
1059,4.6,4.0,4.1,5.0,9.0,2.0
920,2.9,1.2,4.0,2.1,3.0,1.0
1910,3.3,3.0,4.0,1.0,9.0,1.0
1564,3.2,3.0,4.0,4.1,3.0,1.0
50,4.2,4.0,4.9,4.0,9.0,1.0
2062,2.7,1.1,3.0,1.1,3.0,1.0
1214,3.7,3.0,3.9,4.0,1.0,1.0
2457,3.3,3.0,3.0,4.0,9.0,1.0
456,2.6,1.1,4.9,3.0,2.0,1.0
1421,3.6,4.0,4.0,3.0,6.0,1.0
5504,3.7,4.1,4.0,2.0,9.0,1.0
1348,2.6,1.2,4.0,4.0,2.0,1.0
6278,2.6,1.2,4.0,1.0,9.0,1.0
1076,2.8,1.2,4.0,2.0,3.0,1.0
1860,3.9,4.0,2.9,4.0,9.0,1.0
52,4.3,4.1,4.1,5.0,9.0,4.0
2250,3.7,4.0,5.0,4.9,9.0,2.0
1894,4.0,3.9,4.0,3.0,9.0,1.0
1439,4.0,4.0,4.0,4.0,9.0,1.0
3166,3.3,3.0,3.1,4.0,6.0,1.0
314,4.0,2.9,4.0,4.0,3.0,4.0
498,3.5,3.0,3.9,4.0,3.0,2.0
1890,3.8,4.0,4.0,2.1,6.0,1.0
2003,3.5,1.0,2.0,4.1,3.0,1.0
4931,3.3,1.2,2.0,5.0,6.0,1.0
1980,2.5,1.2,3.9,3.0,2.0,1.0
1879,2.7,3.0,4.0,4.1,6.0,1.0
17722,2.8,1.1,4.0,1.0,1.0,1.0
4956,4.1,4.1,3.0,5.0,9.0,4.0
7457,2.6,1.0,2.1,2.0,4.0,1.0
16718,3.8,4.0,2.0,4.0,9.0,1.0
132,3.7,3.0,4.0,4.0,5.0,1.0
441,3.7,4.1,3.0,4.0,9.0,2.0
7501,3.9,4.1,4.0,3.0,9.0,1.0
1152,2.5,1.0,3.0,2.1,1.0,1.0
1540,2.9,3.0,2.0,4.1,3.0,1.0
249,4.4,4.1,4.0,4.1,9.0,2.0
1995,3.9,3.0,4.0,3.0,9.0,1.0
16508,3.3,3.9,1.0,2.0,9.0,1.0
2048,3.4,3.1,4.0,2.0,3.0,1.0
352,2.8,1.1,4.0,4.0,1.0,1.0
2983,3.3,4.1,3.0,5.0,9.0,4.0
1397,3.2,3.0,3.0,3.0,6.0,1.0
7155,3.2,3.0,3.0,4.0,1.0,1.0
1447,2.4,1.2,3.0,1.1,5.0,1.0
2480,3.0,4.0,4.0,2.1,8.0,1.0
51,3.6,4.0,4.9,4.0,9.0,1.0
16626,3.7,4.2,3.0,2.0,8.0,1.0
18279,3.6,3.0,5.0,4.0,9.0,1.0
2521,3.4,4.0,4.0,2.0,5.0,1.0
1575,2.7,1.1,4.0,3.1,1.0,1.0
1287,3.6,4.0,4.9,5.0,9.0,3.0
5952,3.3,1.2,2.0,4.0,2.0,1.0
2374,3.6,3.0,4.0,4.9,5.0,1.0
2368,3.3,3.1,3.1,3.0,9.0,1.0
16359,4.0,4.0,2.0,5.0,9.0,1.0
6044,3.3,1.1,5.0,5.0,3.0,1.0
2252,2.9,1.0,3.1,4.1,6.0,1.0
1006,2.5,1.0,4.0,2.0,1.0,1.0
6267,3.7,4.1,3.0,3.0,9.0,1.0
450,3.9,4.0,3.1,2.0,6.0,1.0
5160,3.3,1.2,3.0,4.1,3.0,1.0
1470,3.1,2.9,3.0,1.0,8.0,1.0
7378,3.0,1.1,1.0,3.9,3.0,1.0
16648,3.7,4.2,3.0,2.0,8.0,1.0
1711,3.4,3.0,4.0,2.0,4.0,1.0
3385,3.7,3.1,4.0,4.0,6.0,2.0
2280,3.2,1.0,4.0,4.1,3.0,1.0
1887,4.2,4.1,3.9,3.0,9.0,1.0
6566,3.6,3.1,1.9,3.9,9.0,1.0
2489,2.5,1.2,4.0,3.9,1.0,1.0
30,3.7,3.0,3.9,4.9,6.0,2.0
2795,4.1,4.1,4.0,4.1,9.0,2.0
1315,3.4,4.1,4.0,3.0,9.0,3.0
1381,3.8,3.9,4.0,1.9,9.0,1.0
2922,3.3,2.9,4.0,4.0,3.0,1.0
2458,3.6,4.0,3.0,4.0,9.0,1.0
1389,3.2,2.9,4.0,1.0,3.0,1.0
5700,3.8,3.0,3.0,4.9,3.0,3.0
1067,3.6,4.0,3.9,4.0,9.0,1.0
1066,3.6,4.0,3.9,4.0,9.0,1.0
1448,3.9,4.0,2.0,4.0,9.0,1.0
2348,2.8,3.1,3.0,2.1,5.0,1.0
940,3.4,4.1,3.0,3.1,9.0,1.0
1215,3.2,2.3,3.1,1.0,,1.0
1176,3.6,3.1,4.0,4.0,9.0,1.0
16611,3.7,4.0,4.0,3.0,9.0,1.0
6651,3.0,3.0,2.0,4.0,5.0,1.0
1691,4.0,2.9,4.0,4.0,6.0,1.0
2908,4.7,5.0,4.0,4.0,6.0,4.0
1812,2.4,1.2,3.0,2.1,5.0,1.0
3398,3.8,4.0,4.9,4.9,9.0,4.0
2209,3.7,3.0,4.9,5.0,9.0,3.0
1171,3.1,4.0,3.9,2.9,9.0,1.0
1224,3.1,3.9,3.1,4.0,9.0,1.0
431,4.2,4.1,4.0,4.0,9.0,3.0
1580,2.4,1.2,3.1,2.0,2.0,1.0
2329,3.2,3.0,4.0,4.0,6.0,1.0
681,3.4,3.0,3.9,1.0,5.0,1.0
2231,3.8,2.9,4.0,4.0,9.0,1.0
2947,2.9,1.1,4.0,3.0,1.0,1.0
469,3.8,4.0,4.0,2.0,5.0,1.0
721,3.6,3.0,4.1,4.0,9.0,1.0
285,3.9,4.0,3.0,2.1,1.0,1.0
1223,3.6,2.9,4.0,4.0,2.0,1.0
912,3.4,2.9,4.0,2.9,5.0,1.0
7493,3.8,4.0,4.0,3.0,8.0,1.0
976,2.7,3.0,3.0,1.0,6.0,1.0
1678,4.2,4.0,4.9,5.0,9.0,5.0
1869,3.1,2.9,4.0,1.0,6.0,1.0
5647,3.5,2.9,4.0,2.0,9.0,1.0
2530,3.4,1.1,4.0,4.1,2.0,1.0
1180,3.6,3.1,4.0,3.0,9.0,1.0
922,3.3,3.0,4.0,3.0,1.0,1.0
6884,3.7,4.0,4.0,3.0,9.0,1.0
18242,3.3,1.5,5.0,4.1,9.0,1.0
18244,3.8,4.0,3.0,2.1,9.0,1.0
6143,4.2,4.1,3.0,5.0,9.0,3.0
5168,3.5,1.2,3.0,4.9,3.0,1.0
3321,3.2,2.9,4.9,4.0,6.0,1.0
1766,2.8,1.0,4.0,4.1,1.0,1.0
6420,4.2,4.1,3.0,5.0,9.0,3.0
2782,4.2,4.0,4.0,5.0,9.0,3.0
905,3.2,3.1,2.9,4.0,9.0,1.0
6030,3.1,1.1,2.0,4.1,5.0,1.0
2497,3.9,4.1,5.0,4.0,9.0,1.0
938,4.4,4.1,4.0,4.1,9.0,2.0
1468,3.0,1.2,3.0,1.9,1.0,1.0
603,3.0,3.0,3.0,2.0,6.0,1.0
674,3.3,3.0,3.9,1.0,4.0,1.0
1845,3.5,4.1,4.0,5.0,9.0,3.0
697,3.0,1.0,3.0,2.9,1.0,1.0
128,3.7,3.1,4.0,4.1,9.0,1.0
383,3.5,4.1,2.9,5.0,9.0,2.0
1454,3.7,3.0,4.0,5.0,1.0,1.0
1667,2.8,1.2,3.0,3.0,6.0,1.0
7317,2.7,1.1,1.1,3.1,3.0,1.0
760,2.7,1.2,4.0,4.0,9.0,1.0
838,4.6,4.1,4.9,5.0,9.0,2.0
1405,3.0,3.0,4.0,2.0,9.0,1.0
3378,3.2,3.1,4.0,4.0,4.0,1.0
2091,3.6,3.0,4.9,4.0,4.0,1.0
3276,3.7,3.0,4.0,5.0,9.0,3.0
1273,3.8,3.9,3.0,5.0,9.0,3.0
5920,3.6,3.0,3.0,5.0,9.0,1.0
7281,3.5,3.0,1.9,3.0,3.0,1.0
2316,3.3,3.0,3.0,2.0,3.0,1.0
718,4.0,3.1,4.0,4.0,9.0,1.0
478,3.2,3.0,3.0,2.1,7.0,1.0
1666,3.0,1.1,3.1,3.0,2.0,1.0
354,2.8,1.1,4.0,4.0,1.0,1.0
16229,3.2,4.0,4.0,4.0,9.0,2.0
2499,3.3,3.0,3.9,1.0,4.0,1.0
1750,3.8,4.1,3.9,3.0,9.0,1.0
2973,4.0,4.0,4.0,3.1,9.0,1.0
433,3.6,4.0,4.0,5.0,9.0,2.0
1071,2.6,1.2,4.0,2.0,9.0,1.0
5485,4.2,4.1,3.0,5.0,9.0,2.0
203,3.8,4.0,3.9,1.0,9.0,1.0
727,2.6,4.0,4.0,1.0,9.0,1.0
806,4.4,4.0,4.0,4.9,9.0,1.0
1747,3.4,4.0,3.9,1.0,9.0,1.0
187,3.2,4.0,3.9,4.0,9.0,4.0
2783,3.9,4.0,4.0,5.0,9.0,5.0
6376,3.1,3.0,3.0,4.0,3.0,2.0
3406,3.1,2.9,3.0,4.1,6.0,1.0
2179,4.0,3.0,4.0,4.0,5.0,1.0
2305,3.2,1.2,2.0,4.0,2.0,1.0
16355,3.9,4.0,2.0,5.0,9.0,1.0
1163,3.8,4.0,4.0,2.0,9.0,1.0
6848,3.0,3.0,4.0,2.9,3.0,1.0
453,4.2,4.0,3.0,4.0,3.0,1.0
442,4.1,4.0,4.0,4.0,9.0,3.0
723,3.9,4.1,4.0,3.9,9.0,2.0
2974,3.0,1.2,3.0,3.0,2.0,1.0
1351,3.5,3.0,4.0,3.0,5.0,1.0
3175,3.6,3.0,4.0,2.9,1.0,1.0
435,2.8,3.0,4.0,3.9,1.0,1.0
3174,3.6,3.0,4.0,2.1,1.0,1.0
1837,4.0,4.0,4.0,2.0,8.0,1.0
834,2.9,1.2,4.0,3.0,4.0,1.0
6212,2.5,1.2,4.0,2.9,3.0,1.0
1762,4.5,4.1,4.0,4.1,9.0,2.0
1870,3.1,2.9,4.0,1.0,6.0,1.0
6729,3.5,3.0,3.9,4.0,4.0,5.0
2102,2.6,3.0,3.0,2.1,9.0,2.0
649,2.7,1.2,3.1,2.1,2.0,1.0
15614,2.8,1.2,2.0,2.0,5.0,1.0
824,4.5,4.1,4.0,4.1,8.0,2.0
16865,2.7,1.0,4.0,2.9,4.0,1.0
5411,3.0,1.2,3.9,4.0,1.0,1.0
17731,2.1,1.2,3.9,2.1,5.0,1.0
155,2.7,1.1,4.0,3.0,2.0,1.0
15885,3.5,3.0,4.0,4.1,5.0,1.0
2966,3.7,4.0,1.1,4.0,9.0,1.0
6751,3.5,3.0,4.0,3.9,4.0,5.0
3284,3.7,4.0,3.9,1.0,9.0,1.0
7286,3.5,3.0,1.9,3.0,3.0,1.0
774,2.9,1.0,4.0,4.1,2.0,1.0
6316,3.3,3.0,4.0,5.0,1.0,3.0
2113,2.9,3.1,3.0,3.0,3.0,1.0
701,3.6,4.0,4.0,2.0,8.0,1.0
1517,3.2,3.0,3.9,3.0,1.0,1.0
372,3.7,4.0,4.0,4.1,8.0,2.0
1954,3.6,3.0,4.0,4.0,9.0,1.0
2455,4.2,4.0,4.9,5.0,9.0,2.0
2899,4.1,4.0,4.0,4.0,9.0,1.0
6262,3.7,4.1,3.0,3.0,9.0,1.0
1367,2.9,3.0,3.9,3.0,9.0,1.0
5650,3.5,2.9,4.0,2.0,9.0,1.0
7352,2.6,1.0,3.0,1.1,1.0,1.0
1794,3.1,3.0,3.1,1.0,3.0,1.0
476,2.9,1.0,4.0,3.1,2.0,1.0
1483,3.9,4.1,4.0,2.0,9.0,1.0
2131,3.7,3.1,4.9,4.0,6.0,1.0
2314,3.3,4.0,3.0,2.0,9.0,1.0
618,2.3,1.2,3.0,2.0,5.0,1.0
15631,3.8,3.0,3.0,4.9,9.0,2.0
1212,3.5,3.0,4.0,4.0,2.0,3.0
327,4.4,5.0,3.1,1.0,9.0,1.0
6036,2.9,3.0,2.0,4.1,8.0,1.0
6126,4.1,4.0,3.0,5.0,9.0,4.0
1086,2.9,3.0,2.0,2.0,4.0,2.0
1177,2.7,1.2,4.0,4.0,1.0,1.0
574,2.5,1.2,3.1,2.0,1.0,1.0
2147,3.6,2.9,4.9,2.9,7.0,1.0
1296,2.9,1.1,5.0,5.0,3.0,1.0
1775,2.7,1.2,4.1,2.9,9.0,1.0
1278,4.4,4.1,4.0,5.0,9.0,3.0
15018,4.1,4.0,3.0,5.0,8.0,4.0
2946,2.9,1.1,4.0,3.0,1.0,1.0
2296,3.6,4.0,3.0,2.9,9.0,1.0
1952,3.4,3.1,3.1,4.0,9.0,1.0
1919,2.4,1.2,3.0,2.0,4.0,1.0
2138,3.7,3.0,3.1,4.0,9.0,1.0
7337,2.8,1.0,3.0,1.9,1.0,1.0
886,2.4,1.0,3.0,2.0,3.0,1.0
1745,3.4,4.0,3.9,1.0,9.0,1.0
1182,3.1,2.9,4.0,4.0,3.0,2.0
1584,3.4,2.9,3.9,2.0,1.0,1.0
6678,2.5,1.1,3.0,2.0,1.0,1.0
6892,3.6,4.0,4.0,3.0,9.0,1.0
1757,2.6,1.0,4.1,4.1,1.0,1.0
1685,2.7,1.2,4.1,2.9,9.0,1.0
7244,3.2,2.9,3.0,2.1,1.0,1.0
2272,4.3,4.0,4.0,4.0,9.0,1.0
7188,3.4,3.0,2.9,4.0,4.0,1.0
6726,3.5,3.0,3.9,4.0,4.0,5.0
18201,3.2,1.2,1.9,4.0,3.0,2.0
2381,4.4,4.0,4.1,3.0,9.0,1.0
2339,3.7,4.1,2.0,4.0,9.0,3.0
1146,3.8,3.9,4.0,2.0,8.0,1.0
1675,2.7,1.2,4.0,2.1,5.0,1.0
870,2.3,1.0,3.0,2.0,3.0,1.0
787,3.8,4.0,4.0,2.1,9.0,1.0
324,3.5,4.1,4.1,5.0,9.0,2.0
558,2.6,1.1,4.0,3.0,2.0,1.0
1068,2.5,1.2,4.0,2.0,9.0,1.0
2194,4.7,4.0,4.0,4.9,9.0,1.0
6492,3.8,4.0,2.0,4.1,9.0,1.0
935,3.0,1.2,4.0,4.0,9.0,1.0
19,3.9,4.0,3.0,1.9,9.0,1.0
2484,2.5,1.1,3.1,3.0,2.0,1.0
590,3.7,3.9,4.0,2.1,6.0,1.0
1155,2.5,1.1,3.1,4.0,1.0,1.0
6120,3.9,3.9,4.0,3.9,8.0,1.0
7295,3.1,1.2,1.1,3.0,3.0,1.0
552,3.3,3.0,4.0,1.0,3.0,1.0
5374,3.8,4.1,3.1,4.0,8.0,1.0
520,4.2,4.0,4.0,4.9,7.0,1.0
505,3.1,3.0,3.0,2.1,4.0,1.0
1909,3.2,3.0,3.9,1.0,9.0,1.0
815,3.0,3.0,4.0,3.9,9.0,1.0
961,2.7,4.0,3.0,1.0,7.0,1.0
2830,3.6,4.1,4.0,5.0,9.0,4.0
3404,3.1,2.9,3.0,4.1,6.0,1.0
7079,3.0,2.5,4.0,2.0,7.0,1.0
17203,3.4,1.2,4.9,4.0,3.0,1.0
259,3.0,1.2,4.0,2.0,9.0,1.0
3393,3.9,4.1,4.0,3.0,9.0,1.0
419,3.1,1.2,5.0,4.1,1.0,1.0
3430,4.7,5.0,4.0,2.0,9.0,1.0
1537,3.2,2.9,3.0,3.0,9.0,1.0
6382,3.6,3.0,3.0,4.0,3.0,2.0
7488,4.0,4.0,4.0,3.0,8.0,1.0
2387,3.5,2.9,4.0,3.0,3.0,3.0
17148,2.7,1.2,4.0,3.0,9.0,1.0
2365,3.2,2.9,3.0,3.0,9.0,1.0
1467,3.0,1.2,3.0,2.0,1.0,1.0
5076,2.6,1.1,3.0,2.0,1.0,1.0
6966,4.1,4.0,3.0,5.0,9.0,2.0
1597,4.2,4.1,3.0,5.0,9.0,4.0
2835,4.3,4.1,4.9,5.0,6.0,4.0
139,3.4,4.0,4.0,1.9,7.0,1.0
208,3.6,4.1,3.9,4.9,9.0,3.0
1119,4.4,4.1,4.0,4.0,9.0,2.0
18219,3.4,1.1,4.0,4.0,1.0,1.0
1637,4.4,4.1,4.0,4.9,9.0,1.0
18271,4.3,4.0,5.0,5.0,8.0,1.0
16773,4.2,4.0,3.0,4.9,9.0,1.0
17198,3.3,1.1,4.0,4.9,3.0,1.0
4979,4.2,4.0,3.0,5.0,6.0,3.0
1635,3.2,1.2,4.0,4.0,1.0,2.0
4943,4.2,4.0,3.0,5.0,9.0,3.0
2133,3.8,3.0,3.1,3.9,4.0,1.0
40,3.3,3.0,4.0,2.0,8.0,1.0
1967,3.9,4.0,4.0,4.1,9.0,2.0
317,4.3,4.0,4.1,4.0,9.0,1.0
3386,3.6,3.0,4.0,4.0,6.0,1.0
1852,3.4,3.0,4.0,4.0,3.0,2.0
7483,3.9,4.0,5.0,4.0,9.0,1.0
917,2.9,1.2,4.0,2.1,3.0,1.0
6686,2.2,1.2,3.0,2.0,7.0,1.0
1987,3.4,4.0,3.9,3.0,3.0,2.0
1014,2.5,1.2,3.0,1.0,9.0,1.0
18,3.9,4.1,3.0,1.1,9.0,1.0
2318,3.4,4.0,3.9,4.9,9.0,1.0
1883,2.8,1.0,4.1,1.0,2.0,1.0
969,2.6,3.0,3.0,1.0,6.0,1.0
1933,2.6,1.2,4.0,4.0,2.0,1.0
6183,3.2,4.0,3.0,5.0,9.0,3.0
7160,2.7,1.2,2.9,4.0,1.0,1.0
6334,4.0,4.1,3.0,5.0,9.0,1.0
3054,4.2,4.1,3.0,3.0,9.0,2.0
2273,4.6,4.0,4.0,4.0,9.0,1.0
130,3.4,3.0,4.0,4.0,9.0,1.0
3030,3.0,3.0,3.1,2.0,6.0,1.0
995,3.1,4.0,3.1,2.0,9.0,1.0
1880,2.7,3.0,4.0,4.1,6.0,1.0
1535,3.9,3.9,4.0,4.0,9.0,1.0
607,3.1,3.0,3.0,2.0,9.0,1.0
1708,3.3,3.0,4.0,2.0,4.0,1.0
84,3.5,2.9,3.0,4.1,2.0,1.0
937,3.0,1.2,4.0,4.0,9.0,1.0
17047,3.3,4.0,4.0,2.9,9.0,4.0
2372,4.4,4.1,3.0,3.0,9.0,1.0
5596,3.6,3.0,3.0,4.1,9.0,2.0
5569,3.1,3.0,4.0,2.0,9.0,1.0
5310,3.4,3.1,3.0,5.0,9.0,1.0
2502,4.0,4.1,3.0,5.0,9.0,4.0
592,3.8,3.9,4.0,2.1,5.0,1.0
2798,4.1,4.1,4.0,4.0,8.0,1.0
8,4.1,4.1,4.0,4.1,9.0,2.0
3431,4.1,4.1,4.0,3.0,9.0,1.0
2790,4.2,3.0,4.0,5.0,9.0,1.0
2444,3.6,3.0,3.0,3.9,4.0,1.0
16978,3.5,3.0,4.0,2.0,9.0,1.0
17929,3.3,2.9,3.1,4.0,5.0,2.0
18015,3.2,4.0,4.9,4.0,9.0,1.0
2266,3.8,3.0,3.9,4.0,2.0,1.0
707,3.9,4.1,4.0,4.1,9.0,2.0
792,3.4,2.9,5.0,4.1,3.0,2.0
120,3.3,3.0,4.9,4.9,3.0,1.0
818,3.0,3.0,4.0,2.9,9.0,1.0
1882,3.5,3.0,4.0,4.9,9.0,1.0
3396,3.1,3.1,3.0,4.0,1.0,1.0
813,2.9,3.0,4.0,3.9,1.0,1.0
683,2.6,1.1,3.0,1.9,1.0,1.0
3307,3.4,3.1,3.9,1.0,9.0,1.0
2834,3.8,4.0,4.0,4.1,9.0,4.0
2334,2.9,1.2,4.1,4.9,4.0,1.0
462,3.3,3.0,4.0,2.0,9.0,1.0
1231,3.6,2.9,4.0,4.0,2.0,1.0
15966,3.5,1.1,4.0,5.0,1.0,1.0
1471,3.6,3.0,4.1,4.9,9.0,2.0
2019,3.0,1.2,4.0,2.0,3.0,1.0
3340,3.7,3.1,4.9,4.0,6.0,1.0
1911,3.3,3.0,3.9,1.0,9.0,1.0
2195,4.1,3.1,4.0,4.0,9.0,1.0
18228,3.1,3.1,4.0,2.9,9.0,3.0
3245,3.3,3.0,4.0,2.0,6.0,1.0
2002,3.7,1.0,2.0,4.9,3.0,1.0
493,3.9,4.0,4.0,2.9,9.0,2.0
1000,3.8,4.1,3.1,3.0,7.0,1.0
5281,3.9,4.0,4.0,4.9,5.0,2.0
769,3.2,1.2,4.1,4.0,1.0,2.0
18277,3.1,4.0,3.0,1.0,9.0,1.0
5008,4.2,4.0,3.0,5.0,6.0,3.0
1307,4.1,4.0,4.0,5.0,9.0,3.0
6076,3.2,4.0,4.0,4.0,9.0,1.0
511,3.7,2.9,4.1,2.0,3.0,1.0
7472,4.1,3.9,5.0,3.9,6.0,1.0
2283,3.5,4.0,3.1,1.0,7.0,1.0
1418,3.1,3.0,4.0,2.9,7.0,1.0
803,3.0,3.0,4.9,4.0,5.0,3.0
2249,3.3,4.0,4.0,4.0,9.0,1.0
7482,4.1,3.9,5.0,4.0,6.0,1.0
1107,3.3,3.1,3.0,1.0,6.0,1.0
1563,3.2,3.0,4.0,4.0,9.0,2.0
485,3.5,3.0,4.0,4.0,1.0,1.0
7410,3.0,1.1,1.0,3.9,1.0,1.0
1466,3.0,1.2,3.0,1.9,1.0,1.0
440,3.1,3.0,3.0,3.0,3.0,1.0
1530,3.7,2.9,4.0,3.9,6.0,1.0
2247,2.7,1.1,5.0,4.0,1.0,1.0
6014,2.8,1.2,3.9,3.0,2.0,1.0
137,3.3,3.0,4.0,1.9,7.0,1.0
1565,3.7,3.0,3.9,4.0,1.0,1.0
4901,4.1,4.1,3.0,5.0,9.0,3.0
16696,3.6,3.0,2.0,3.9,4.0,1.0
648,3.5,1.2,4.0,5.0,2.0,1.0
2995,3.2,3.0,3.0,2.1,9.0,1.0
4967,3.1,4.0,3.0,3.0,9.0,3.0
6657,4.0,3.9,3.0,5.0,,1.0
7240,3.2,3.0,2.9,2.0,3.0,1.0
3162,4.1,4.1,4.1,3.0,9.0,2.0
2449,3.5,3.0,3.9,2.1,7.0,1.0
1976,2.7,1.2,4.0,4.0,2.0,3.0
3426,4.2,4.1,3.9,2.0,8.0,2.0
5276,3.9,4.0,4.0,5.0,9.0,3.0
7470,4.1,4.0,5.0,3.9,6.0,1.0
1665,3.0,3.0,2.0,3.0,3.0,1.0
2315,3.1,3.0,3.0,2.0,3.0,1.0
1430,4.2,4.1,4.9,5.0,9.0,4.0
6275,2.7,1.2,4.0,1.0,9.0,1.0
1360,2.7,1.2,3.1,4.0,1.0,1.0
1795,2.9,4.0,3.1,1.9,9.0,1.0
911,3.5,3.1,3.0,4.0,9.0,2.0
502,3.1,3.1,3.1,3.0,9.0,1.0
2294,4.1,4.1,4.0,4.1,9.0,1.0
513,3.8,3.0,4.1,2.0,6.0,1.0
15089,3.9,4.0,4.0,4.1,9.0,1.0
15449,3.8,3.9,3.0,3.0,9.0,1.0
362,4.7,4.1,4.0,5.0,9.0,5.0
2226,4.0,4.0,3.1,3.9,9.0,1.0
1444,3.0,2.9,3.0,1.9,2.0,1.0
1355,2.7,1.2,4.0,4.0,1.0,1.0
2991,3.3,4.0,4.0,2.9,9.0,2.0
2363,2.4,1.2,3.9,2.0,3.0,1.0
1861,3.1,2.9,4.0,1.0,6.0,1.0
1457,3.1,3.0,3.0,4.0,2.0,1.0
933,3.0,1.0,4.0,4.0,2.0,1.0
3319,3.6,4.0,4.9,5.0,9.0,4.0
3391,3.2,4.1,3.1,2.1,9.0,1.0
71,4.4,4.1,4.0,5.0,8.0,1.0
1127,4.3,5.0,4.0,1.0,9.0,1.0
321,3.4,4.1,4.0,4.9,8.0,3.0
1030,2.8,1.0,3.1,2.0,2.0,1.0
2202,3.7,4.0,4.9,4.1,8.0,1.0
411,3.2,2.9,4.0,2.0,5.0,1.0
1080,3.5,2.9,4.0,4.0,1.0,1.0
1555,3.1,4.1,2.0,4.1,9.0,4.0
7335,2.8,1.0,3.0,2.0,2.0,1.0
1636,3.4,3.0,3.9,4.0,5.0,1.0
1147,2.6,1.1,4.0,2.1,,1.0
2979,4.2,4.0,4.0,5.0,3.0,5.0
3016,3.4,3.0,4.1,3.9,9.0,1.0
1173,3.9,4.0,4.9,4.0,9.0,2.0
3287,3.4,3.0,3.9,1.0,6.0,1.0
2964,3.5,4.1,4.0,5.0,9.0,3.0
6972,4.1,4.0,3.0,5.0,9.0,2.0
2887,4.0,4.1,3.0,5.0,9.0,1.0
5563,3.2,3.0,4.0,2.0,9.0,1.0
3159,3.6,4.1,4.1,3.0,8.0,1.0
473,3.7,3.9,4.0,3.9,3.0,1.0
16397,3.3,2.9,4.0,4.9,3.0,1.0
472,3.4,3.0,4.0,2.0,9.0,1.0
17737,2.1,1.2,3.1,2.9,5.0,1.0
1743,2.7,1.2,4.0,4.0,2.0,1.0
1140,3.6,4.0,4.9,4.0,9.0,1.0
3447,4.2,4.1,4.0,3.0,6.0,1.0
2137,3.6,3.0,3.1,4.0,9.0,1.0
1655,2.5,1.2,2.0,4.0,2.0,1.0
585,3.8,3.9,3.9,2.1,5.0,1.0
1767,2.7,1.0,4.0,4.1,3.0,1.0
1324,3.7,3.0,4.1,5.0,9.0,4.0
1802,4.2,4.0,4.0,2.9,7.0,1.0
358,4.3,4.1,4.0,5.0,9.0,4.0
2187,3.0,1.1,4.1,4.9,1.0,1.0
814,2.9,3.0,4.0,3.9,1.0,1.0
2837,3.5,4.0,4.9,5.0,9.0,5.0
3015,3.5,3.0,4.1,3.1,2.0,1.0
662,3.4,3.0,3.9,1.0,4.0,1.0
5043,3.9,3.1,2.9,5.0,9.0,2.0
15290,4.1,4.1,3.0,3.9,9.0,1.0
5054,3.7,3.0,2.9,5.0,9.0,2.0
3047,3.2,1.2,4.0,2.1,3.0,1.0
1230,3.6,3.0,4.0,4.1,5.0,1.0
666,3.6,4.0,4.1,4.0,3.0,1.0
1567,3.7,3.0,4.0,4.0,1.0,2.0
1272,3.2,1.2,4.9,5.0,3.0,3.0
1654,2.5,1.2,2.0,4.0,2.0,1.0
16350,3.7,3.0,2.0,5.0,9.0,1.0
1771,2.9,1.2,4.0,2.9,1.0,1.0
2141,3.4,3.0,3.1,2.0,4.0,1.0
2493,2.5,1.2,4.0,3.9,1.0,1.0
3452,4.0,4.1,3.9,2.0,8.0,1.0
16936,3.9,4.0,3.0,5.0,9.0,3.0
3055,3.5,4.0,4.0,1.0,9.0,1.0
6548,4.1,4.1,3.0,5.0,9.0,1.0
6816,4.2,4.1,3.0,5.0,9.0,2.0
2192,4.5,4.1,5.0,4.0,9.0,1.0
158,3.4,3.0,4.0,3.0,5.0,1.0
35,2.7,2.1,3.0,1.0,,1.0
14976,3.0,1.2,3.0,2.0,1.0,1.0
2221,3.1,1.2,4.0,2.0,2.0,1.0
658,3.6,4.0,4.1,2.1,5.0,1.0
1916,3.0,1.2,4.0,3.0,3.0,1.0
624,4.5,4.1,4.0,5.0,9.0,2.0
1308,4.5,4.1,5.0,5.0,9.0,4.0
1629,3.6,2.9,4.0,4.0,5.0,2.0
7108,3.0,2.5,4.0,2.0,7.0,1.0
3176,3.7,3.0,4.0,3.0,1.0,1.0
1977,3.2,3.0,3.9,3.0,9.0,1.0
1316,4.2,4.0,4.0,5.0,9.0,3.0
556,3.3,3.0,4.0,2.0,3.0,1.0
549,3.5,2.9,2.9,3.0,9.0,1.0
1936,2.6,1.2,4.0,4.0,1.0,1.0
3318,3.6,4.0,4.9,5.0,9.0,4.0
402,3.9,4.1,3.0,1.0,9.0,1.0
378,4.3,4.1,4.1,5.0,9.0,4.0
667,4.1,4.0,4.1,4.0,3.0,1.0
1713,3.2,3.0,4.0,4.0,9.0,1.0
1710,3.3,3.0,4.0,2.0,4.0,1.0
2546,3.1,4.1,3.0,3.1,9.0,1.0
1353,2.5,1.1,3.0,3.0,1.0,1.0
1265,3.6,4.1,3.9,4.9,9.0,4.0
64,2.9,1.0,4.0,3.0,3.0,1.0
2203,3.8,4.0,3.0,2.0,7.0,1.0
3428,4.6,5.0,4.0,2.0,9.0,1.0
279,3.6,3.0,4.1,4.0,3.0,1.0
1558,2.6,1.2,4.0,1.0,3.0,1.0
2033,2.6,1.2,3.1,2.0,3.0,1.0
15364,2.6,1.2,3.0,1.0,3.0,1.0
5584,2.2,1.1,3.0,1.0,1.0,1.0
659,3.6,4.0,4.1,2.9,8.0,1.0
1518,3.3,3.0,4.0,3.0,1.0,1.0
6008,2.7,1.2,3.9,3.0,2.0,1.0
6179,3.4,4.0,3.0,5.0,9.0,4.0
1547,3.0,1.2,4.0,2.0,5.0,1.0
262,4.4,4.0,5.0,5.0,9.0,2.0
422,3.8,3.0,5.0,4.0,9.0,1.0
7322,3.1,1.2,1.9,3.0,3.0,1.0
1571,3.6,3.1,4.0,4.0,8.0,1.0
1825,3.6,3.0,4.0,5.0,3.0,3.0
891,2.6,1.1,3.0,2.0,1.0,1.0
705,3.6,4.0,4.0,2.0,9.0,1.0
1545,3.9,4.1,2.9,3.0,9.0,3.0
3753,4.2,3.9,3.0,5.0,3.0,3.0
1052,2.9,1.2,4.0,4.1,3.0,1.0
109,4.1,3.0,4.0,4.1,9.0,1.0
1955,3.6,3.0,4.0,4.0,1.0,1.0
16448,4.0,4.1,3.0,5.0,8.0,1.0
913,3.2,2.9,4.0,2.1,5.0,1.0
570,3.9,3.0,4.9,4.0,3.0,1.0
1075,2.7,1.2,4.0,2.0,2.0,1.0
3258,3.8,4.0,3.9,4.0,8.0,1.0
3277,3.8,3.9,3.0,5.0,9.0,5.0
2297,3.4,4.0,4.0,4.1,9.0,2.0
2451,3.5,3.9,3.9,1.0,9.0,1.0
1,4.5,4.1,4.0,5.0,9.0,3.0
17068,2.7,1.2,4.0,4.0,1.0,2.0
124,2.6,1.2,3.0,4.0,2.0,1.0
6190,3.7,4.0,4.0,4.0,9.0,1.0
17018,3.7,3.1,4.0,3.1,9.0,1.0
745,3.0,1.2,3.9,3.0,3.0,1.0
47,2.8,1.1,3.0,5.0,2.0,2.0
17168,3.2,2.9,3.1,3.0,1.0,1.0
3028,3.3,3.0,3.9,3.9,7.0,1.0
5985,3.6,3.0,1.1,4.0,9.0,1.0
7238,3.4,3.0,3.0,3.1,3.0,1.0
825,4.6,4.1,4.0,4.9,8.0,3.0
3128,3.0,1.2,4.0,2.0,3.0,1.0
4,4.2,4.0,2.9,4.9,9.0,1.0
2193,4.6,4.1,4.9,4.9,9.0,1.0
1452,2.8,3.0,3.9,4.0,4.0,1.0
15949,3.5,1.1,4.0,5.0,1.0,1.0
2828,3.1,3.0,3.0,4.0,9.0,1.0
6289,3.1,1.0,5.0,4.1,2.0,2.0
99,3.7,4.0,4.0,4.0,9.0,1.0
430,4.2,4.0,5.0,5.0,9.0,1.0
2051,3.4,3.0,4.0,4.0,9.0,1.0
17194,3.5,1.1,4.1,4.9,3.0,1.0
1374,3.1,3.0,4.0,2.0,9.0,1.0
41,3.2,3.0,4.0,2.0,8.0,1.0
7216,2.4,1.2,4.0,2.0,1.0,1.0
844,3.4,3.0,3.1,4.0,9.0,1.0
5441,4.2,4.0,3.0,5.0,9.0,5.0
5861,3.9,4.0,2.0,4.9,9.0,2.0
15745,3.3,1.2,4.0,4.1,6.0,1.0
2177,4.4,3.0,4.0,4.0,9.0,1.0
3168,4.2,4.0,3.0,5.0,9.0,4.0
436,2.8,3.0,4.0,4.0,1.0,1.0
2291,3.0,4.1,4.0,4.0,9.0,2.0
1921,2.3,1.2,3.9,2.0,1.0,1.0
3063,3.6,4.1,4.9,5.0,9.0,4.0
3368,3.9,4.0,4.0,5.0,9.0,4.0
1377,3.4,1.2,4.0,5.0,9.0,4.0
6662,4.0,4.0,3.0,5.0,9.0,1.0
2794,3.4,3.0,3.1,3.9,3.0,1.0
3375,4.3,4.1,3.0,4.9,9.0,3.0
1437,3.7,4.1,2.1,3.0,9.0,1.0
5896,4.0,4.0,2.0,5.0,9.0,1.0
6192,3.4,3.1,4.0,4.0,8.0,1.0
2044,3.4,1.1,3.9,4.1,5.0,1.0
2083,3.2,1.2,4.0,4.0,3.0,1.0
7072,3.0,2.5,4.0,2.0,7.0,1.0
17010,3.7,4.0,4.0,3.0,9.0,1.0
1999,3.8,3.0,4.1,4.1,2.0,1.0
18207,4.1,4.1,4.0,4.9,9.0,1.0
3066,3.3,3.0,3.1,3.0,2.0,1.0
788,3.8,4.0,4.0,2.1,3.0,1.0
434,3.0,3.0,4.0,3.9,1.0,1.0
708,2.9,1.1,4.1,4.0,1.0,3.0
7475,4.1,4.0,5.0,3.9,6.0,1.0
1220,3.2,1.1,4.0,3.0,1.0,1.0
617,2.3,1.1,3.0,1.9,2.0,1.0
22,2.8,1.1,4.0,4.0,3.0,1.0
1515,3.3,3.0,3.9,3.0,1.0,1.0
963,3.1,3.1,3.0,1.0,6.0,1.0
716,4.2,4.0,4.0,4.0,9.0,1.0
125,2.6,1.2,3.0,4.0,4.0,1.0
1312,3.9,4.0,4.9,5.0,9.0,4.0
1731,3.1,1.2,4.1,5.0,3.0,1.0
17201,3.5,1.1,4.1,4.9,3.0,1.0
5763,4.0,4.1,3.0,5.0,9.0,3.0
1763,3.7,4.1,3.9,4.0,9.0,1.0
2293,4.1,4.0,4.9,4.0,9.0,2.0
16501,3.3,4.0,1.1,2.0,7.0,1.0
351,2.8,1.1,4.0,4.0,1.0,1.0
1720,3.8,4.0,4.0,2.9,7.0,1.0
2164,3.3,3.0,3.0,1.0,2.0,1.0
2367,3.3,3.1,3.1,3.0,9.0,1.0
6497,3.8,4.0,2.0,4.1,9.0,1.0
396,4.1,4.1,3.0,3.0,8.0,2.0
7373,2.8,1.1,3.0,2.0,2.0,1.0
684,2.5,1.1,3.0,1.9,1.0,1.0
906,3.2,3.1,3.0,4.0,9.0,2.0
1923,2.7,1.2,4.0,4.0,1.0,1.0
1799,3.2,3.0,3.1,1.0,8.0,1.0
932,3.0,1.0,4.0,4.0,2.0,1.0
6675,2.3,1.1,3.0,2.0,1.0,1.0
3131,3.9,3.0,4.0,4.0,9.0,1.0
3050,2.9,1.2,4.0,2.0,5.0,1.0
2076,3.7,4.1,5.0,3.0,9.0,1.0
2124,3.6,3.0,3.0,3.0,5.0,1.0
5417,3.2,1.2,3.0,4.1,3.0,2.0
3154,3.2,2.9,3.9,2.0,6.0,1.0
2353,4.0,4.0,4.0,4.0,8.0,1.0
2389,3.1,1.2,4.0,3.0,9.0,1.0
2014,4.2,4.0,5.0,5.0,9.0,4.0
1284,3.5,4.1,4.0,5.0,8.0,5.0
3388,3.7,3.0,4.0,5.0,6.0,1.0
2349,3.6,4.0,3.1,3.9,7.0,1.0
1948,2.6,3.0,4.0,3.0,6.0,1.0
7478,4.1,3.9,5.0,4.0,6.0,1.0
2321,2.5,1.2,4.0,1.0,5.0,1.0
2132,3.8,3.1,4.9,4.0,6.0,1.0
91,3.3,3.0,4.0,2.0,2.0,1.0
6556,3.6,3.1,1.9,3.9,9.0,1.0
382,4.3,4.1,4.1,5.0,9.0,4.0
2967,3.6,4.0,1.1,4.0,9.0,2.0
2089,3.3,1.0,4.0,3.9,1.0,2.0
17105,2.9,1.2,4.0,2.9,4.0,1.0
1321,4.2,3.9,3.0,5.0,3.0,3.0
7333,2.8,1.0,3.0,1.9,1.0,1.0
18269,4.3,4.0,5.0,5.0,8.0,1.0
16939,3.4,4.0,2.9,4.0,9.0,3.0
5680,3.4,4.0,3.0,5.0,9.0,1.0
550,3.6,2.9,2.9,4.0,9.0,1.0
1946,3.2,1.1,4.0,2.1,3.0,1.0
1192,3.5,3.0,3.0,2.0,5.0,1.0
427,3.8,4.1,4.0,2.0,9.0,2.0
907,3.2,3.1,3.0,4.0,9.0,2.0
6745,3.5,3.0,4.0,3.9,4.0,5.0
1219,4.0,4.1,4.1,4.0,9.0,2.0
1758,2.8,1.0,4.0,4.1,1.0,1.0
2040,2.9,1.1,4.1,4.9,2.0,1.0
3325,3.1,3.0,4.0,5.0,9.0,3.0
2218,3.9,3.0,4.0,2.0,9.0,1.0
2462,3.3,3.0,3.1,4.0,6.0,1.0
15,3.7,3.0,4.0,4.0,9.0,1.0
470,2.6,1.2,5.0,4.9,1.0,1.0
7481,4.1,3.9,5.0,4.0,6.0,1.0
2796,3.5,4.1,4.0,5.0,9.0,2.0
496,3.0,3.0,4.0,4.0,8.0,1.0
4883,3.2,3.1,2.9,4.0,9.0,1.0
7184,3.3,3.0,2.9,3.9,5.0,1.0
2207,2.8,1.2,3.9,4.0,1.0,1.0
17115,3.5,3.0,4.0,3.0,3.0,1.0
2507,2.8,1.1,3.9,4.0,1.0,1.0
303,4.2,4.1,4.0,4.9,9.0,1.0
2214,4.1,4.0,5.0,4.0,9.0,1.0
2362,2.8,1.2,3.0,1.0,1.0,2.0
1527,3.7,4.0,3.0,4.0,9.0,1.0
2085,3.5,3.0,4.0,4.9,6.0,1.0
7174,3.4,3.0,3.0,4.0,5.0,1.0
1279,3.3,2.9,4.9,4.9,4.0,1.0
1261,3.7,4.0,4.0,4.1,6.0,1.0
3007,4.1,4.1,3.0,4.9,9.0,4.0
488,2.5,1.2,3.0,2.9,6.0,1.0
1647,3.4,4.1,4.0,5.0,8.0,4.0
1033,2.6,1.0,3.9,2.0,2.0,1.0
2235,3.9,3.0,4.0,3.0,9.0,1.0
5195,3.5,3.0,3.1,1.9,9.0,1.0
368,3.4,1.2,3.1,4.0,9.0,1.0
2090,3.3,2.9,4.9,4.1,5.0,2.0
17014,3.8,4.0,4.0,3.1,9.0,1.0
1903,3.7,2.9,3.0,4.0,2.0,1.0
1997,4.0,3.9,4.0,5.0,3.0,2.0
106,2.2,3.0,4.0,4.0,4.0,1.0
16912,4.0,4.0,3.0,5.0,9.0,2.0
1832,2.7,3.0,3.0,2.1,3.0,1.0
426,3.9,4.1,4.0,2.0,9.0,1.0
1303,4.5,4.1,3.0,4.9,9.0,4.0
2526,2.7,1.1,4.0,4.1,2.0,1.0
1232,3.5,3.0,4.1,2.0,4.0,1.0
406,4.7,4.1,4.0,5.0,9.0,3.0
1436,3.1,1.2,4.0,2.1,3.0,1.0
6708,3.0,1.1,3.9,4.0,1.0,1.0
2527,3.2,3.0,3.9,2.0,5.0,1.0
16963,3.6,3.0,4.0,2.0,9.0,1.0
3281,4.6,4.1,4.0,5.0,9.0,5.0
2802,3.4,3.0,4.0,2.0,3.0,1.0
5204,2.5,1.2,1.1,4.0,1.0,1.0
1843,2.6,1.2,3.0,4.0,1.0,1.0
16281,3.4,3.0,3.9,3.0,9.0,1.0
2096,2.2,1.1,3.0,1.1,6.0,1.0
1352,3.5,3.0,4.0,3.0,5.0,1.0
7258,3.2,2.9,3.0,2.9,1.0,1.0
1329,3.4,3.0,4.9,4.0,4.0,1.0
2948,4.2,4.1,4.0,2.1,9.0,1.0
795,3.5,4.1,3.0,5.0,8.0,4.0
1242,3.4,1.2,3.0,4.0,2.0,2.0
1579,2.5,1.1,4.0,4.0,1.0,1.0
16669,3.7,4.2,3.0,2.0,8.0,1.0
546,4.1,3.0,5.0,4.0,9.0,2.0
14632,3.9,3.0,3.0,5.0,9.0,3.0
5941,3.6,3.0,3.0,5.0,1.0,1.0
5559,3.1,3.0,4.0,2.0,9.0,1.0
1011,2.5,1.2,3.0,1.0,1.0,1.0
763,2.7,1.2,4.0,3.9,1.0,1.0
4922,3.4,4.1,3.0,4.1,8.0,2.0
3346,3.3,4.0,4.1,4.0,9.0,1.0
16956,3.8,3.0,4.0,2.0,2.0,1.0
3060,3.3,3.0,3.9,1.0,9.0,1.0
17111,2.8,1.2,4.0,3.0,2.0,1.0
7343,2.6,1.0,3.1,1.1,1.0,1.0
7471,3.9,4.0,5.0,4.0,9.0,1.0
2347,3.4,3.1,3.1,4.0,5.0,1.0
3379,4.4,4.1,5.0,5.0,9.0,5.0
2902,4.2,4.0,4.0,5.0,9.0,4.0
1363,2.7,1.2,3.0,4.0,4.0,1.0
2335,3.0,1.2,4.0,4.9,4.0,1.0
17187,3.4,1.2,4.1,4.0,3.0,1.0
1396,3.1,2.9,3.0,4.0,2.0,1.0
730,2.8,1.1,5.0,3.0,1.0,1.0
2271,4.0,3.1,4.0,4.0,,3.0
18299,3.4,1.0,4.0,4.9,1.0,1.0
1234,2.2,1.0,3.0,2.0,1.0,1.0
156,2.7,1.1,4.0,3.0,2.0,1.0
17087,3.7,4.0,4.0,4.0,9.0,1.0
2856,4.1,4.1,5.0,5.0,8.0,5.0
1055,,,,,,
6374,3.7,3.0,3.0,4.0,3.0,1.0
2344,3.5,4.0,3.1,4.0,7.0,1.0
771,4.1,4.1,4.0,5.0,9.0,2.0
692,3.6,4.0,4.0,4.9,9.0,1.0
